CustomerID,Age,Gender,Location,JoinDate,TotalOrders,Segment,SpendSegment,AvgDaysBetween,LoyaltyTier,QtySegment,RFM_Label,RFM_Segment,RFM_Score
1,63,Other,East,2020-01-01,9.0,Low,High Spender,21.375,Moderately Loyal,Low Qty,Champions,355,13.0
2,63,Male,North,2020-02-01,6.0,Low,High Spender,63.8,Low Loyalty,Low Qty,Loyal,534,12.0
3,34,Other,North,2020-03-01,4.0,Low,Mid Spender,27.666666666666668,Moderately Loyal,Low Qty,Needs nurturing,122,5.0
4,19,Other,Unknown,2020-04-01,2.0,Low,Low Spender,20.0,Moderately Loyal,Low Qty,At Risk,111,3.0
5,57,Male,North,2020-05-01,5.0,Low,Mid Spender,75.75,Low Loyalty,Low Qty,Loyal,433,10.0
6,22,Other,South,2020-06-01,1.0,Low,Low Spender,,,Low Qty,At Risk,111,3.0
7,56,Other,East,2020-07-01,7.0,Low,High Spender,27.333333333333332,Moderately Loyal,Low Qty,Loyal,345,12.0
8,65,Female,East,2020-08-01,7.0,Low,High Spender,34.5,Moderately Loyal,Low Qty,Loyal,345,12.0
9,33,Male,West,2020-09-01,3.0,Low,Mid Spender,45.0,Moderately Loyal,Low Qty,Needs nurturing,113,5.0
10,34,Male,East,2020-10-01,6.0,Low,Low Spender,49.6,Low Loyalty,Low Qty,Potential,432,9.0
11,44,Other,North,2020-11-01,4.0,Low,Mid Spender,14.666666666666666,Highly Loyal,Low Qty,Needs nurturing,123,6.0
12,24,Other,East,2020-01-13,10.0,Low,High Spender,23.88888888888889,Moderately Loyal,Low Qty,Champions,355,13.0
13,69,Male,East,2020-01-14,5.0,Low,High Spender,37.5,Moderately Loyal,Low Qty,Loyal,334,10.0
14,25,Male,North,2020-01-15,4.0,Low,Low Spender,17.333333333333332,Moderately Loyal,Low Qty,Needs nurturing,122,5.0
15,25,Male,North,2020-01-16,5.0,Low,Mid Spender,40.25,Moderately Loyal,Low Qty,Potential,333,9.0
16,40,Other,East,2020-01-17,5.0,Low,Mid Spender,41.5,Moderately Loyal,Low Qty,Potential,234,9.0
17,49,Female,South,2020-01-18,8.0,Low,High Spender,23.571428571428573,Moderately Loyal,Low Qty,Loyal,254,11.0
18,60,Female,North,2020-01-19,2.0,Low,Low Spender,286.0,Low Loyalty,Low Qty,Needs nurturing,411,6.0
19,64,Other,South,2020-01-20,7.0,Low,High Spender,45.666666666666664,Low Loyalty,Low Qty,Champions,445,13.0
20,35,Other,South,2020-01-21,7.0,Low,High Spender,29.833333333333332,Moderately Loyal,Low Qty,Loyal,245,11.0
21,55,Other,West,2020-01-22,7.0,Low,High Spender,46.0,Low Loyalty,Low Qty,Loyal,444,12.0
22,29,Male,South,2020-01-24,7.0,Low,High Spender,38.0,Moderately Loyal,Low Qty,Loyal,345,12.0
23,32,Other,West,2020-01-25,6.0,Low,Mid Spender,33.2,Moderately Loyal,Low Qty,Potential,233,8.0
24,45,Male,South,2020-01-26,1.0,Low,Low Spender,,,Low Qty,At Risk,111,3.0
25,55,Female,West,2020-01-27,6.0,Low,Mid Spender,38.6,Moderately Loyal,Low Qty,Potential,332,8.0
26,67,Other,North,2020-01-28,5.0,Low,High Spender,33.75,Moderately Loyal,Low Qty,Potential,234,9.0
27,48,Other,East,2020-01-29,3.0,Low,Mid Spender,144.5,Low Loyalty,Low Qty,Potential,413,8.0
28,69,Male,East,2020-01-30,6.0,Low,Mid Spender,44.6,Moderately Loyal,Low Qty,Loyal,433,10.0
29,26,Male,West,2020-01-31,7.0,Low,Mid Spender,23.333333333333332,Moderately Loyal,Low Qty,Loyal,343,10.0
30,25,Male,North,2020-01-02,2.0,Low,Low Spender,304.0,Low Loyalty,Low Qty,Potential,511,7.0
31,63,Female,West,2020-02-02,2.0,Low,Low Spender,72.0,Low Loyalty,Low Qty,At Risk,211,4.0
32,36,Female,West,2020-04-02,2.0,Low,Low Spender,139.0,Low Loyalty,Low Qty,Needs nurturing,411,6.0
33,68,Other,North,2020-05-02,3.0,Low,Mid Spender,99.0,Low Loyalty,Low Qty,Potential,313,7.0
34,25,Other,South,2020-06-02,3.0,Low,Low Spender,16.0,Moderately Loyal,Low Qty,At Risk,111,3.0
35,51,Male,South,2020-07-02,7.0,Low,High Spender,31.666666666666668,Moderately Loyal,Low Qty,Loyal,245,11.0
36,21,Female,North,2020-08-02,4.0,Low,Mid Spender,85.0,Low Loyalty,Low Qty,Potential,422,8.0
37,48,Other,West,2020-09-02,5.0,Low,Low Spender,45.75,Low Loyalty,Low Qty,Potential,232,7.0
38,55,Male,East,2020-10-02,3.0,Low,Mid Spender,69.0,Low Loyalty,Low Qty,Needs nurturing,113,5.0
39,20,Male,West,2020-11-02,12.0,Mid,High Spender,20.454545454545453,Moderately Loyal,Low Qty,Champions,355,13.0
40,52,Female,South,2020-12-02,6.0,Low,High Spender,27.4,Moderately Loyal,Low Qty,Potential,234,9.0
41,36,Female,North,2020-02-13,9.0,Low,High Spender,25.375,Moderately Loyal,Low Qty,Champions,455,14.0
42,60,Other,North,2020-02-14,5.0,Low,Low Spender,33.25,Moderately Loyal,Low Qty,Needs nurturing,132,6.0
43,46,Other,North,2020-02-16,6.0,Low,Mid Spender,27.4,Moderately Loyal,Low Qty,Potential,133,7.0
44,27,Male,South,2020-02-17,3.0,Low,Low Spender,66.5,Low Loyalty,Low Qty,At Risk,112,4.0
45,29,Male,West,2020-02-18,1.0,Low,Low Spender,,,Low Qty,Needs nurturing,311,5.0
46,63,Male,North,2020-02-19,4.0,Low,Mid Spender,45.0,Moderately Loyal,Low Qty,Needs nurturing,123,6.0
47,47,Other,East,2020-02-20,9.0,Low,High Spender,28.0,Moderately Loyal,Low Qty,Loyal,354,12.0
48,47,Female,North,2020-02-21,3.0,Low,Low Spender,76.0,Low Loyalty,Low Qty,Needs nurturing,212,5.0
49,35,Other,West,2020-02-22,6.0,Low,Mid Spender,64.2,Low Loyalty,Low Qty,Loyal,534,12.0
50,41,Female,South,2020-02-23,2.0,Low,Low Spender,63.0,Low Loyalty,Low Qty,Needs nurturing,311,5.0
51,49,Other,East,2020-02-24,6.0,Low,Mid Spender,32.0,Moderately Loyal,Low Qty,Potential,233,8.0
52,26,Other,East,2020-02-25,,,,,,,,,
53,64,Female,North,2020-02-27,6.0,Low,Mid Spender,27.8,Moderately Loyal,Low Qty,Potential,133,7.0
54,41,Other,West,2020-02-28,5.0,Low,High Spender,18.25,Moderately Loyal,Low Qty,Potential,135,9.0
55,43,Other,North,2020-02-29,5.0,Low,Mid Spender,66.25,Low Loyalty,Low Qty,Loyal,534,12.0
56,20,Male,East,2020-01-03,3.0,Low,Low Spender,45.0,Moderately Loyal,Low Qty,At Risk,111,3.0
57,40,Female,North,2020-02-03,3.0,Low,Low Spender,24.0,Moderately Loyal,Low Qty,Needs nurturing,311,5.0
58,28,Female,West,2020-03-03,6.0,Low,High Spender,56.6,Low Loyalty,Low Qty,Champions,535,13.0
59,27,Male,South,2020-04-03,5.0,Low,Low Spender,41.5,Moderately Loyal,Low Qty,Potential,232,7.0
60,67,Female,East,2020-05-03,4.0,Low,Mid Spender,56.333333333333336,Low Loyalty,Low Qty,Loyal,424,10.0
61,53,Male,West,2020-06-03,3.0,Low,Mid Spender,19.5,Moderately Loyal,Low Qty,At Risk,112,4.0
62,30,Female,North,2020-07-03,4.0,Low,High Spender,27.666666666666668,Moderately Loyal,Low Qty,Potential,124,7.0
63,46,Female,East,2020-09-03,7.0,Low,High Spender,32.5,Moderately Loyal,Low Qty,Champions,545,14.0
64,55,Female,North,2020-10-03,2.0,Low,Low Spender,98.0,Low Loyalty,Low Qty,At Risk,211,4.0
65,30,Female,North,2020-11-03,6.0,Low,High Spender,60.2,Low Loyalty,Low Qty,Loyal,434,11.0
66,43,Male,South,2020-12-03,6.0,Low,High Spender,22.4,Moderately Loyal,Low Qty,Loyal,335,11.0
67,37,Male,North,2020-03-13,3.0,Low,Low Spender,128.0,Low Loyalty,Low Qty,Potential,512,8.0
68,22,Female,North,2020-03-14,3.0,Low,Low Spender,15.0,Highly Loyal,Low Qty,At Risk,211,4.0
69,37,Other,West,2020-03-15,7.0,Low,High Spender,28.333333333333332,Moderately Loyal,Low Qty,Loyal,245,11.0
70,31,Male,North,2020-03-16,4.0,Low,Mid Spender,61.0,Low Loyalty,Low Qty,Loyal,523,10.0
71,62,Female,South,2020-03-17,,,,,,,,,
72,31,Male,North,2020-03-18,4.0,Low,Low Spender,56.666666666666664,Low Loyalty,Low Qty,Needs nurturing,122,5.0
73,25,Other,North,2020-03-19,7.0,Low,Mid Spender,48.5,Low Loyalty,Low Qty,Loyal,543,12.0
74,65,Other,North,2020-03-21,2.0,Low,Low Spender,187.0,Low Loyalty,Low Qty,Needs nurturing,411,6.0
75,30,Other,East,2020-03-22,11.0,Mid,High Spender,21.8,Moderately Loyal,Low Qty,Champions,355,13.0
76,41,Female,South,2020-03-23,5.0,Low,Low Spender,45.5,Low Loyalty,Low Qty,Potential,232,7.0
77,32,Female,East,2020-03-24,2.0,Low,Low Spender,50.0,Low Loyalty,Low Qty,Needs nurturing,311,5.0
78,68,Other,South,2020-03-25,6.0,Low,High Spender,49.2,Low Loyalty,Low Qty,Loyal,335,11.0
79,18,Male,South,2020-03-26,4.0,Low,Mid Spender,26.0,Moderately Loyal,Low Qty,Potential,323,8.0
80,39,Male,West,2020-03-27,2.0,Low,Low Spender,74.0,Low Loyalty,Low Qty,Needs nurturing,311,5.0
81,51,Other,East,2020-03-28,5.0,Low,Mid Spender,72.0,Low Loyalty,Low Qty,Loyal,533,11.0
82,67,Female,South,2020-03-29,4.0,Low,Low Spender,43.0,Moderately Loyal,Low Qty,Needs nurturing,221,5.0
83,68,Male,South,2020-03-30,4.0,Low,Low Spender,54.666666666666664,Low Loyalty,Low Qty,Potential,322,7.0
84,57,Male,West,2020-01-04,10.0,Low,High Spender,19.22222222222222,Moderately Loyal,Low Qty,Champions,455,14.0
85,20,Male,East,2020-02-04,3.0,Low,High Spender,19.0,Moderately Loyal,Low Qty,Needs nurturing,114,6.0
86,43,Female,North,2020-03-04,7.0,Low,High Spender,36.166666666666664,Moderately Loyal,Low Qty,Loyal,344,11.0
87,31,Other,West,2020-04-04,6.0,Low,Mid Spender,25.2,Moderately Loyal,Low Qty,Potential,233,8.0
88,58,Female,South,2020-05-04,4.0,Low,Mid Spender,34.333333333333336,Moderately Loyal,Low Qty,Needs nurturing,123,6.0
89,25,Male,East,2020-06-04,5.0,Low,High Spender,44.5,Moderately Loyal,Low Qty,Potential,234,9.0
90,66,Other,South,2020-07-04,5.0,Low,High Spender,61.0,Low Loyalty,Low Qty,Loyal,434,11.0
91,33,Female,West,2020-08-04,2.0,Low,Low Spender,48.0,Low Loyalty,Low Qty,At Risk,211,4.0
92,59,Other,West,2020-09-04,6.0,Low,Mid Spender,23.8,Moderately Loyal,Low Qty,Potential,133,7.0
93,38,Male,East,2020-10-04,3.0,Low,Low Spender,39.0,Moderately Loyal,Low Qty,At Risk,112,4.0
94,27,Female,West,2020-12-04,1.0,Low,Low Spender,,,Low Qty,At Risk,112,4.0
95,42,Other,West,2020-04-13,5.0,Low,High Spender,23.0,Moderately Loyal,Low Qty,Potential,134,8.0
96,55,Female,North,2020-04-14,4.0,Low,High Spender,80.66666666666667,Low Loyalty,Low Qty,Potential,324,9.0
97,39,Male,South,2020-04-15,3.0,Low,Low Spender,54.0,Low Loyalty,Low Qty,At Risk,111,3.0
98,66,Other,North,2020-04-16,4.0,Low,Low Spender,40.333333333333336,Moderately Loyal,Low Qty,Needs nurturing,122,5.0
99,65,Male,North,2020-04-17,12.0,Mid,High Spender,30.363636363636363,Moderately Loyal,Low Qty,Champions,555,15.0
100,64,Other,East,2020-04-18,3.0,Low,Mid Spender,55.0,Low Loyalty,Low Qty,Needs nurturing,113,5.0
101,63,Male,West,2020-04-19,4.0,Low,Low Spender,6.666666666666667,Highly Loyal,Low Qty,At Risk,121,4.0
102,21,Male,South,2020-04-20,7.0,Low,Mid Spender,40.333333333333336,Moderately Loyal,Low Qty,Loyal,443,11.0
103,21,Female,South,2020-04-21,5.0,Low,Mid Spender,54.5,Low Loyalty,Low Qty,Potential,333,9.0
104,47,Male,South,2020-04-23,8.0,Low,High Spender,27.142857142857142,Moderately Loyal,Low Qty,Champions,355,13.0
105,19,Female,West,2020-04-24,3.0,Low,Low Spender,96.0,Low Loyalty,Low Qty,Potential,511,7.0
106,46,Male,South,2020-04-25,6.0,Low,Low Spender,31.8,Moderately Loyal,Low Qty,Potential,232,7.0
107,60,Male,South,2020-04-26,5.0,Low,Mid Spender,85.0,Low Loyalty,Low Qty,Loyal,532,10.0
108,53,Male,West,2020-04-27,5.0,Low,High Spender,45.0,Moderately Loyal,Low Qty,Loyal,335,11.0
109,38,Other,East,2020-04-28,8.0,Low,High Spender,23.714285714285715,Moderately Loyal,Low Qty,Champions,355,13.0
110,38,Female,South,2020-04-29,1.0,Low,Low Spender,,,Low Qty,At Risk,111,3.0
111,65,Other,West,2020-04-30,7.0,Low,Mid Spender,28.666666666666668,Moderately Loyal,Low Qty,Loyal,343,10.0
112,38,Female,North,2020-01-05,3.0,Low,Low Spender,75.0,Low Loyalty,Low Qty,At Risk,112,4.0
113,21,Male,Unknown,2020-02-05,12.0,Mid,High Spender,25.454545454545453,Moderately Loyal,Low Qty,Champions,555,15.0
114,18,Other,North,2020-03-05,5.0,Low,Mid Spender,68.5,Low Loyalty,Low Qty,Loyal,533,11.0
115,43,Female,Unknown,2020-05-05,4.0,Low,High Spender,49.0,Low Loyalty,Low Qty,Potential,224,8.0
116,68,Male,South,2020-06-05,4.0,Low,Low Spender,106.0,Low Loyalty,Low Qty,Potential,522,9.0
117,19,Female,East,2020-07-05,9.0,Low,High Spender,23.625,Moderately Loyal,Low Qty,Champions,355,13.0
118,26,Female,East,2020-08-05,9.0,Low,High Spender,31.75,Moderately Loyal,Low Qty,Champions,455,14.0
119,62,Male,South,2020-09-05,6.0,Low,High Spender,46.4,Low Loyalty,Low Qty,Loyal,435,12.0
120,35,Other,North,2020-10-05,7.0,Low,High Spender,30.166666666666668,Moderately Loyal,Low Qty,Loyal,245,11.0
121,65,Male,West,2020-11-05,2.0,Low,Low Spender,64.0,Low Loyalty,Low Qty,At Risk,111,3.0
122,65,Other,South,2020-12-05,6.0,Low,Mid Spender,48.8,Low Loyalty,Low Qty,Loyal,334,10.0
123,59,Female,West,2020-05-13,2.0,Low,Low Spender,195.0,Low Loyalty,Low Qty,Needs nurturing,311,5.0
124,58,Female,South,2020-05-14,8.0,Low,High Spender,33.57142857142857,Moderately Loyal,Low Qty,Champions,355,13.0
125,28,Female,South,2020-05-16,3.0,Low,Low Spender,86.5,Low Loyalty,Low Qty,At Risk,211,4.0
126,42,Other,West,2020-05-17,6.0,Low,Mid Spender,31.4,Moderately Loyal,Low Qty,Potential,332,8.0
127,43,Male,East,2020-05-18,7.0,Low,High Spender,55.666666666666664,Low Loyalty,Low Qty,Champions,544,13.0
128,53,Other,East,2020-05-19,6.0,Low,Mid Spender,37.0,Moderately Loyal,Low Qty,Potential,333,9.0
129,59,Female,North,2020-05-20,6.0,Low,Mid Spender,21.6,Moderately Loyal,Low Qty,Potential,233,8.0
130,52,Female,West,2020-05-21,9.0,Low,High Spender,40.75,Moderately Loyal,Low Qty,Champions,555,15.0
131,55,Male,North,2020-05-22,8.0,Low,Mid Spender,24.857142857142858,Moderately Loyal,Low Qty,Loyal,253,10.0
132,20,Other,South,2020-05-23,5.0,Low,High Spender,37.5,Moderately Loyal,Low Qty,Potential,135,9.0
133,58,Female,North,2020-05-24,6.0,Low,High Spender,21.4,Moderately Loyal,Low Qty,Potential,135,9.0
134,52,Other,South,2020-05-25,3.0,Low,Low Spender,30.0,Moderately Loyal,Low Qty,Needs nurturing,212,5.0
135,67,Other,West,2020-05-27,2.0,Low,Low Spender,164.0,Low Loyalty,Low Qty,Needs nurturing,212,5.0
136,57,Male,West,2020-05-28,2.0,Low,Low Spender,93.0,Low Loyalty,Low Qty,At Risk,111,3.0
137,39,Male,West,2020-05-29,5.0,Low,High Spender,48.5,Low Loyalty,Low Qty,Loyal,334,10.0
138,25,Female,West,2020-05-30,3.0,Low,Mid Spender,101.0,Low Loyalty,Low Qty,Potential,314,8.0
139,32,Male,North,2020-05-31,4.0,Low,Low Spender,47.666666666666664,Low Loyalty,Low Qty,Needs nurturing,221,5.0
140,62,Other,South,2020-01-06,3.0,Low,Mid Spender,72.0,Low Loyalty,Low Qty,Needs nurturing,213,6.0
141,24,Male,East,2020-02-06,6.0,Low,High Spender,44.2,Moderately Loyal,Low Qty,Loyal,435,12.0
142,36,Other,West,2020-03-06,4.0,Low,Low Spender,30.666666666666668,Moderately Loyal,Low Qty,Needs nurturing,221,5.0
143,57,Female,West,2020-04-06,7.0,Low,High Spender,40.0,Moderately Loyal,Low Qty,Loyal,345,12.0
144,59,Other,South,2020-05-06,7.0,Low,High Spender,48.833333333333336,Low Loyalty,Low Qty,Champions,445,13.0
145,34,Male,East,2020-06-06,7.0,Low,High Spender,40.166666666666664,Moderately Loyal,Low Qty,Champions,445,13.0
146,18,Male,West,2020-08-06,6.0,Low,Mid Spender,50.6,Low Loyalty,Low Qty,Loyal,433,10.0
147,62,Female,East,2020-09-06,7.0,Low,High Spender,31.5,Moderately Loyal,Low Qty,Loyal,244,10.0
148,46,Male,West,2020-10-06,6.0,Low,High Spender,52.2,Low Loyalty,Low Qty,Loyal,434,11.0
149,30,Female,North,2020-11-06,7.0,Low,High Spender,38.333333333333336,Moderately Loyal,Low Qty,Champions,544,13.0
150,65,Female,North,2020-12-06,1.0,Low,Low Spender,,,Low Qty,At Risk,111,3.0
151,46,Male,East,2020-06-13,4.0,Low,Low Spender,34.0,Moderately Loyal,Low Qty,Needs nurturing,122,5.0
152,58,Other,South,2020-06-14,4.0,Low,High Spender,56.666666666666664,Low Loyalty,Low Qty,Potential,224,8.0
153,59,Female,South,2020-06-15,5.0,Low,Mid Spender,80.25,Low Loyalty,Low Qty,Loyal,533,11.0
154,23,Other,North,2020-06-16,8.0,Low,High Spender,22.714285714285715,Moderately Loyal,Low Qty,Loyal,255,12.0
155,22,Male,South,2020-06-17,3.0,Low,Mid Spender,87.5,Low Loyalty,Low Qty,Needs nurturing,212,5.0
156,51,Other,South,2020-06-19,7.0,Low,High Spender,30.166666666666668,Moderately Loyal,Low Qty,Champions,445,13.0
157,28,Other,South,2020-06-20,5.0,Low,High Spender,46.25,Low Loyalty,Low Qty,Loyal,335,11.0
158,26,Other,East,2020-06-21,3.0,Low,Mid Spender,58.0,Low Loyalty,Low Qty,At Risk,112,4.0
159,55,Other,East,2020-06-22,6.0,Low,High Spender,20.6,Moderately Loyal,Low Qty,Potential,234,9.0
160,57,Male,South,2020-06-23,7.0,Low,High Spender,50.833333333333336,Low Loyalty,Low Qty,Champions,544,13.0
161,58,Male,North,2020-06-24,10.0,Low,High Spender,25.333333333333332,Moderately Loyal,Low Qty,Champions,355,13.0
162,26,Other,South,2020-06-25,7.0,Low,Mid Spender,40.0,Moderately Loyal,Low Qty,Champions,544,13.0
163,25,Male,West,2020-06-26,7.0,Low,Mid Spender,53.666666666666664,Low Loyalty,Low Qty,Loyal,543,12.0
164,61,Male,North,2020-06-27,4.0,Low,Mid Spender,21.333333333333332,Moderately Loyal,Low Qty,Potential,223,7.0
165,57,Female,East,2020-06-28,7.0,Low,High Spender,32.833333333333336,Moderately Loyal,Low Qty,Loyal,245,11.0
166,20,Male,West,2020-06-30,3.0,Low,Mid Spender,29.0,Moderately Loyal,Low Qty,At Risk,112,4.0
167,30,Other,South,2020-01-07,5.0,Low,Low Spender,54.5,Low Loyalty,Low Qty,Potential,432,9.0
168,36,Male,South,2020-02-07,6.0,Low,High Spender,37.8,Moderately Loyal,Low Qty,Loyal,334,10.0
169,51,Male,North,2020-03-07,1.0,Low,Low Spender,,,Low Qty,At Risk,111,3.0
170,49,Male,North,2020-04-07,5.0,Low,High Spender,40.5,Moderately Loyal,Low Qty,Loyal,235,10.0
171,66,Male,South,2020-05-07,2.0,Low,Low Spender,159.0,Low Loyalty,Low Qty,Needs nurturing,311,5.0
172,33,Female,South,2020-06-07,7.0,Low,High Spender,53.166666666666664,Low Loyalty,Low Qty,Champions,545,14.0
173,53,Other,North,2020-07-07,7.0,Low,High Spender,26.333333333333332,Moderately Loyal,Low Qty,Loyal,344,11.0
174,35,Other,West,2020-08-07,3.0,Low,High Spender,76.5,Low Loyalty,Low Qty,Potential,314,8.0
175,31,Male,East,2020-09-07,2.0,Low,Low Spender,189.0,Low Loyalty,Low Qty,Needs nurturing,411,6.0
176,47,Male,North,2020-10-07,3.0,Low,Low Spender,77.0,Low Loyalty,Low Qty,Needs nurturing,212,5.0
177,19,Female,West,2020-12-07,4.0,Low,Low Spender,101.0,Low Loyalty,Low Qty,Potential,521,8.0
178,30,Male,South,2020-07-13,5.0,Low,Mid Spender,50.75,Low Loyalty,Low Qty,Loyal,433,10.0
179,44,Female,East,2020-07-14,3.0,Low,Low Spender,92.0,Low Loyalty,Low Qty,Needs nurturing,311,5.0
180,69,Other,West,2020-07-15,3.0,Low,Low Spender,108.5,Low Loyalty,Low Qty,Needs nurturing,312,6.0
181,34,Other,East,2020-07-16,1.0,Low,Low Spender,,,Low Qty,At Risk,111,3.0
182,48,Female,East,2020-07-17,6.0,Low,High Spender,53.4,Low Loyalty,Low Qty,Loyal,534,12.0
183,32,Other,East,2020-07-18,8.0,Low,Mid Spender,24.285714285714285,Moderately Loyal,Low Qty,Loyal,352,10.0
184,37,Male,West,2020-07-19,5.0,Low,Mid Spender,48.75,Low Loyalty,Low Qty,Potential,332,8.0
185,22,Male,West,2020-07-20,1.0,Low,Low Spender,,,Low Qty,At Risk,111,3.0
186,24,Female,South,2020-07-21,3.0,Low,Mid Spender,23.0,Moderately Loyal,Low Qty,At Risk,112,4.0
187,35,Other,East,2020-07-23,3.0,Low,High Spender,37.0,Moderately Loyal,Low Qty,Needs nurturing,114,6.0
188,28,Other,North,2020-07-24,9.0,Low,High Spender,32.125,Moderately Loyal,Low Qty,Champions,555,15.0
189,49,Female,North,2020-07-25,1.0,Low,Low Spender,,,Low Qty,At Risk,111,3.0
190,67,Female,North,2020-07-26,9.0,Low,High Spender,34.0,Moderately Loyal,Low Qty,Champions,454,13.0
191,44,Other,West,2020-07-27,5.0,Low,High Spender,40.5,Moderately Loyal,Low Qty,Potential,234,9.0
192,43,Female,South,2020-07-28,6.0,Low,Mid Spender,36.6,Moderately Loyal,Low Qty,Potential,233,8.0
193,54,Male,West,2020-07-29,2.0,Low,Low Spender,77.0,Low Loyalty,Low Qty,At Risk,211,4.0
194,62,Other,East,2020-07-30,7.0,Low,Mid Spender,46.833333333333336,Low Loyalty,Low Qty,Champions,544,13.0
195,45,Female,North,2020-07-31,5.0,Low,Mid Spender,47.5,Low Loyalty,Low Qty,Potential,233,8.0
196,67,Female,West,2020-01-08,8.0,Low,High Spender,24.285714285714285,Moderately Loyal,Low Qty,Loyal,255,12.0
197,19,Female,North,2020-03-08,,,,,,,,,
198,37,Other,West,2020-04-08,5.0,Low,High Spender,51.0,Low Loyalty,Low Qty,Loyal,334,10.0
199,21,Male,North,2020-05-08,2.0,Low,Low Spender,173.0,Low Loyalty,Low Qty,Potential,511,7.0
200,30,Male,East,2020-06-08,3.0,Low,Low Spender,32.0,Moderately Loyal,Low Qty,At Risk,111,3.0
201,41,Other,North,2020-07-08,9.0,Low,High Spender,32.625,Moderately Loyal,Low Qty,Champions,455,14.0
202,65,Female,East,2020-08-08,6.0,Low,Mid Spender,31.8,Moderately Loyal,Low Qty,Loyal,433,10.0
203,55,Other,East,2020-09-08,5.0,Low,Mid Spender,52.0,Low Loyalty,Low Qty,Potential,333,9.0
204,57,Other,West,2020-10-08,4.0,Low,High Spender,59.0,Low Loyalty,Low Qty,Potential,324,9.0
205,65,Female,West,2020-11-08,2.0,Low,Low Spender,292.0,Low Loyalty,Low Qty,Potential,512,8.0
206,62,Other,West,2020-12-08,4.0,Low,Mid Spender,82.33333333333333,Low Loyalty,Low Qty,Loyal,523,10.0
207,46,Male,East,2020-08-14,4.0,Low,Low Spender,55.666666666666664,Low Loyalty,Low Qty,Potential,322,7.0
208,53,Other,South,2020-08-15,4.0,Low,Low Spender,97.33333333333333,Low Loyalty,Low Qty,Potential,422,8.0
209,19,Female,South,2020-08-16,3.0,Low,Mid Spender,131.5,Low Loyalty,Low Qty,Potential,512,8.0
210,58,Other,East,2020-08-17,6.0,Low,Mid Spender,25.2,Moderately Loyal,Low Qty,Loyal,433,10.0
211,35,Male,East,2020-08-18,4.0,Low,Low Spender,20.333333333333332,Moderately Loyal,Low Qty,Needs nurturing,221,5.0
212,66,Other,West,2020-08-19,1.0,Low,Low Spender,,,Low Qty,At Risk,111,3.0
213,25,Other,West,2020-08-20,6.0,Low,Mid Spender,61.0,Low Loyalty,Low Qty,Loyal,533,11.0
214,32,Other,West,2020-08-21,5.0,Low,Low Spender,37.5,Moderately Loyal,Low Qty,Potential,232,7.0
215,58,Other,South,2020-08-22,4.0,Low,Low Spender,102.0,Low Loyalty,Low Qty,Potential,421,7.0
216,34,Female,South,2020-08-23,8.0,Low,High Spender,28.428571428571427,Moderately Loyal,Low Qty,Loyal,255,12.0
217,40,Male,East,2020-08-24,7.0,Low,Mid Spender,50.5,Low Loyalty,Low Qty,Champions,544,13.0
218,19,Male,South,2020-08-26,7.0,Low,High Spender,41.666666666666664,Moderately Loyal,Low Qty,Champions,445,13.0
219,23,Male,Unknown,2020-08-27,1.0,Low,Low Spender,,,Low Qty,At Risk,211,4.0
220,46,Other,West,2020-08-28,10.0,Low,High Spender,35.55555555555556,Moderately Loyal,Low Qty,Champions,554,14.0
221,44,Male,West,2020-08-29,3.0,Low,Low Spender,60.5,Low Loyalty,Low Qty,At Risk,111,3.0
222,54,Female,West,2020-08-30,4.0,Low,Low Spender,62.0,Low Loyalty,Low Qty,Potential,522,9.0
223,66,Other,West,2020-08-31,9.0,Low,High Spender,39.0,Moderately Loyal,Low Qty,Champions,555,15.0
224,51,Other,North,2020-01-09,5.0,Low,Mid Spender,60.75,Low Loyalty,Low Qty,Potential,432,9.0
225,35,Male,East,2020-02-09,6.0,Low,High Spender,58.4,Low Loyalty,Low Qty,Loyal,435,12.0
226,59,Other,East,2020-03-09,8.0,Low,High Spender,28.285714285714285,Moderately Loyal,Low Qty,Champions,355,13.0
227,27,Other,South,2020-04-09,9.0,Low,High Spender,24.875,Moderately Loyal,Low Qty,Champions,355,13.0
228,55,Male,West,2020-06-09,5.0,Low,Mid Spender,37.25,Moderately Loyal,Low Qty,Potential,233,8.0
229,61,Female,North,2020-07-09,8.0,Low,High Spender,30.142857142857142,Moderately Loyal,Low Qty,Loyal,354,12.0
230,34,Female,West,2020-08-09,3.0,Low,Mid Spender,145.0,Low Loyalty,Low Qty,Potential,512,8.0
231,30,Male,West,2020-09-09,8.0,Low,High Spender,31.571428571428573,Moderately Loyal,Low Qty,Champions,454,13.0
232,69,Female,South,2020-10-09,3.0,Low,Low Spender,40.5,Moderately Loyal,Low Qty,At Risk,111,3.0
233,65,Female,North,2020-11-09,10.0,Low,High Spender,35.44444444444444,Moderately Loyal,Low Qty,Champions,555,15.0
234,59,Female,North,2020-12-09,3.0,Low,Low Spender,104.5,Low Loyalty,Low Qty,Potential,412,7.0
235,44,Other,East,2020-09-13,4.0,Low,Low Spender,101.66666666666667,Low Loyalty,Low Qty,Potential,522,9.0
236,19,Other,West,2020-09-14,4.0,Low,Low Spender,110.66666666666667,Low Loyalty,Low Qty,Potential,522,9.0
237,51,Other,North,2020-09-15,4.0,Low,Low Spender,35.333333333333336,Moderately Loyal,Low Qty,At Risk,121,4.0
238,48,Female,East,2020-09-17,3.0,Low,Mid Spender,16.5,Moderately Loyal,Low Qty,Needs nurturing,114,6.0
239,40,Other,Unknown,2020-09-18,5.0,Low,Low Spender,71.5,Low Loyalty,Low Qty,Loyal,532,10.0
240,24,Female,West,2020-09-19,1.0,Low,Low Spender,,,Low Qty,Needs nurturing,311,5.0
241,55,Male,East,2020-09-20,2.0,Low,Low Spender,88.0,Low Loyalty,Low Qty,Needs nurturing,312,6.0
242,50,Female,North,2020-09-21,8.0,Low,High Spender,35.142857142857146,Moderately Loyal,Low Qty,Champions,454,13.0
243,29,Other,South,2020-09-22,5.0,Low,Mid Spender,47.25,Low Loyalty,Low Qty,Potential,332,8.0
244,62,Female,North,2020-09-23,4.0,Low,Mid Spender,51.666666666666664,Low Loyalty,Low Qty,Potential,323,8.0
245,29,Other,West,2020-09-24,2.0,Low,Mid Spender,111.0,Low Loyalty,Low Qty,Needs nurturing,212,5.0
246,36,Other,South,2020-09-25,4.0,Low,Low Spender,59.666666666666664,Low Loyalty,Low Qty,Needs nurturing,221,5.0
247,26,Male,North,2020-09-26,3.0,Low,Low Spender,80.0,Low Loyalty,Low Qty,At Risk,211,4.0
248,27,Male,North,2020-09-27,2.0,Low,Low Spender,43.0,Moderately Loyal,Low Qty,At Risk,211,4.0
249,34,Other,East,2020-09-29,2.0,Low,Low Spender,3.0,Highly Loyal,Low Qty,At Risk,112,4.0
250,67,Female,West,2020-09-30,5.0,Low,High Spender,43.5,Moderately Loyal,Low Qty,Loyal,334,10.0
251,57,Male,North,2020-01-10,7.0,Low,Mid Spender,45.166666666666664,Low Loyalty,Low Qty,Loyal,442,10.0
252,56,Male,North,2020-02-10,2.0,Low,Low Spender,32.0,Moderately Loyal,Low Qty,At Risk,111,3.0
253,58,Other,North,2020-03-10,8.0,Low,High Spender,40.714285714285715,Moderately Loyal,Low Qty,Champions,454,13.0
254,27,Female,West,2020-04-10,9.0,Low,High Spender,32.875,Moderately Loyal,Low Qty,Champions,455,14.0
255,29,Male,South,2020-05-10,1.0,Low,Low Spender,,,Low Qty,At Risk,111,3.0
256,32,Male,West,2020-06-10,4.0,Low,Low Spender,100.0,Low Loyalty,Low Qty,Potential,422,8.0
257,48,Female,East,2020-07-10,4.0,Low,Low Spender,75.33333333333333,Low Loyalty,Low Qty,Potential,422,8.0
258,32,Male,East,2020-08-10,3.0,Low,Mid Spender,141.0,Low Loyalty,Low Qty,Potential,512,8.0
259,45,Female,West,2020-10-10,6.0,Low,Mid Spender,50.2,Low Loyalty,Low Qty,Loyal,533,11.0
260,21,Other,North,2020-11-10,6.0,Low,Mid Spender,33.8,Moderately Loyal,Low Qty,Loyal,534,12.0
261,53,Male,North,2020-12-10,8.0,Low,High Spender,34.857142857142854,Moderately Loyal,Low Qty,Champions,455,14.0
262,18,Other,South,2020-10-13,5.0,Low,Mid Spender,33.5,Moderately Loyal,Low Qty,Potential,233,8.0
263,61,Female,West,2020-10-14,4.0,Low,Low Spender,77.33333333333333,Low Loyalty,Low Qty,Potential,322,7.0
264,51,Other,West,2020-10-15,6.0,Low,High Spender,63.0,Low Loyalty,Low Qty,Loyal,534,12.0
265,64,Other,North,2020-10-16,4.0,Low,Low Spender,48.666666666666664,Low Loyalty,Low Qty,Potential,322,7.0
266,34,Other,East,2020-10-17,3.0,Low,Low Spender,96.5,Low Loyalty,Low Qty,Potential,412,7.0
267,56,Female,East,2020-10-18,3.0,Low,Low Spender,98.5,Low Loyalty,Low Qty,Needs nurturing,212,5.0
268,55,Female,South,2020-10-19,11.0,Mid,High Spender,32.8,Moderately Loyal,Low Qty,Champions,554,14.0
269,61,Female,South,2020-10-21,2.0,Low,Low Spender,148.0,Low Loyalty,Low Qty,At Risk,211,4.0
270,68,Female,East,2020-10-22,6.0,Low,Mid Spender,67.4,Low Loyalty,Low Qty,Loyal,532,10.0
271,50,Female,West,2020-10-23,4.0,Low,Mid Spender,102.33333333333333,Low Loyalty,Low Qty,Potential,423,9.0
272,38,Male,South,2020-10-24,3.0,Low,Low Spender,74.5,Low Loyalty,Low Qty,Needs nurturing,212,5.0
273,43,Male,North,2020-10-25,8.0,Low,Mid Spender,43.57142857142857,Moderately Loyal,Low Qty,Champions,553,13.0
274,63,Male,West,2020-10-26,4.0,Low,Low Spender,17.0,Moderately Loyal,Low Qty,Needs nurturing,122,5.0
275,53,Other,North,2020-10-27,2.0,Low,Low Spender,99.0,Low Loyalty,Low Qty,Needs nurturing,212,5.0
276,22,Other,South,2020-10-28,3.0,Low,Mid Spender,39.0,Moderately Loyal,Low Qty,Needs nurturing,113,5.0
277,50,Female,East,2020-10-29,11.0,Mid,High Spender,33.9,Moderately Loyal,Low Qty,Champions,555,15.0
278,18,Female,South,2020-10-30,4.0,Low,Mid Spender,53.666666666666664,Low Loyalty,Low Qty,Needs nurturing,222,6.0
279,23,Male,East,2020-10-31,5.0,Low,Low Spender,77.0,Low Loyalty,Low Qty,Loyal,532,10.0
280,54,Female,West,2020-02-11,5.0,Low,Low Spender,66.25,Low Loyalty,Low Qty,Potential,432,9.0
281,19,Other,South,2020-03-11,4.0,Low,Mid Spender,47.333333333333336,Low Loyalty,Low Qty,Potential,223,7.0
282,22,Female,South,2020-04-11,3.0,Low,Low Spender,141.0,Low Loyalty,Low Qty,Potential,511,7.0
283,43,Male,South,2020-05-11,6.0,Low,High Spender,59.8,Low Loyalty,Low Qty,Loyal,435,12.0
284,58,Female,West,2020-06-11,5.0,Low,Mid Spender,45.5,Low Loyalty,Low Qty,Potential,234,9.0
285,68,Other,North,2020-07-11,7.0,Low,High Spender,46.666666666666664,Low Loyalty,Low Qty,Loyal,444,12.0
286,64,Male,North,2020-08-11,4.0,Low,Mid Spender,57.666666666666664,Low Loyalty,Low Qty,Loyal,424,10.0
287,30,Female,East,2020-09-11,6.0,Low,High Spender,52.4,Low Loyalty,Low Qty,Loyal,534,12.0
288,29,Other,South,2020-10-11,8.0,Low,High Spender,36.57142857142857,Moderately Loyal,Low Qty,Champions,455,14.0
289,22,Male,North,2020-11-11,10.0,Low,High Spender,17.11111111111111,Moderately Loyal,Low Qty,Loyal,255,12.0
290,19,Male,West,2020-11-13,3.0,Low,Low Spender,7.5,Highly Loyal,Low Qty,Needs nurturing,311,5.0
291,21,Other,South,2020-11-14,4.0,Low,Low Spender,41.333333333333336,Moderately Loyal,Low Qty,Needs nurturing,122,5.0
292,44,Female,East,2020-11-15,3.0,Low,Low Spender,63.5,Low Loyalty,Low Qty,Needs nurturing,311,5.0
293,67,Female,North,2020-11-16,5.0,Low,Low Spender,30.5,Moderately Loyal,Low Qty,Needs nurturing,231,6.0
294,27,Female,West,2020-11-17,4.0,Low,Low Spender,109.33333333333333,Low Loyalty,Low Qty,Potential,522,9.0
295,30,Male,West,2020-11-18,5.0,Low,Mid Spender,69.0,Low Loyalty,Low Qty,Loyal,532,10.0
296,61,Male,East,2020-11-19,7.0,Low,Mid Spender,51.333333333333336,Low Loyalty,Low Qty,Loyal,543,12.0
297,19,Female,North,2020-11-20,2.0,Low,Low Spender,13.0,Highly Loyal,Low Qty,At Risk,211,4.0
298,43,Male,South,2020-11-21,3.0,Low,Low Spender,70.5,Low Loyalty,Low Qty,At Risk,111,3.0
299,32,Male,West,2020-11-22,,,,,,,,,
300,63,Other,East,2020-11-24,3.0,Low,Low Spender,71.0,Low Loyalty,Low Qty,At Risk,211,4.0
301,27,Female,West,2020-11-25,7.0,Low,High Spender,30.166666666666668,Moderately Loyal,Low Qty,Loyal,345,12.0
302,39,Female,West,2020-11-26,10.0,Low,High Spender,28.77777777777778,Moderately Loyal,Low Qty,Champions,455,14.0
303,57,Female,North,2020-11-27,8.0,Low,High Spender,41.857142857142854,Moderately Loyal,Low Qty,Champions,555,15.0
304,42,Male,North,2020-11-28,5.0,Low,Mid Spender,46.5,Low Loyalty,Low Qty,Potential,233,8.0
305,32,Male,South,2020-11-29,8.0,Low,High Spender,43.142857142857146,Moderately Loyal,Low Qty,Champions,455,14.0
306,30,Male,West,2020-11-30,4.0,Low,Low Spender,57.0,Low Loyalty,Low Qty,Needs nurturing,321,6.0
307,25,Female,East,2020-01-12,3.0,Low,Low Spender,34.0,Moderately Loyal,Low Qty,At Risk,211,4.0
308,38,Male,West,2020-02-12,3.0,Low,Low Spender,48.0,Low Loyalty,Low Qty,At Risk,112,4.0
309,38,Female,East,2020-03-12,4.0,Low,Mid Spender,102.33333333333333,Low Loyalty,Low Qty,Potential,423,9.0
310,39,Male,West,2020-05-12,3.0,Low,Low Spender,12.5,Highly Loyal,Low Qty,At Risk,112,4.0
311,63,Female,East,2020-06-12,5.0,Low,Mid Spender,63.25,Low Loyalty,Low Qty,Loyal,532,10.0
312,50,Other,West,2020-07-12,4.0,Low,High Spender,24.333333333333332,Moderately Loyal,Low Qty,Potential,125,8.0
313,62,Male,West,2020-08-12,6.0,Low,Mid Spender,47.6,Low Loyalty,Low Qty,Loyal,533,11.0
314,44,Female,South,2020-09-12,7.0,Low,High Spender,27.166666666666668,Moderately Loyal,Low Qty,Loyal,244,10.0
315,57,Other,North,2020-10-12,1.0,Low,Low Spender,,,Low Qty,At Risk,111,3.0
316,67,Other,North,2020-11-12,4.0,Low,Mid Spender,80.0,Low Loyalty,Low Qty,Potential,423,9.0
317,39,Male,East,2020-12-12,1.0,Low,Low Spender,,,Low Qty,At Risk,111,3.0
318,47,Female,West,2020-12-13,10.0,Low,High Spender,27.555555555555557,Moderately Loyal,Low Qty,Champions,455,14.0
319,26,Male,West,2020-12-14,3.0,Low,Low Spender,64.5,Low Loyalty,Low Qty,At Risk,211,4.0
320,62,Other,North,2020-12-15,8.0,Low,High Spender,27.714285714285715,Moderately Loyal,Low Qty,Loyal,354,12.0
321,52,Male,East,2020-12-17,3.0,Low,Low Spender,55.5,Low Loyalty,Low Qty,At Risk,111,3.0
322,35,Female,Unknown,2020-12-18,2.0,Low,Low Spender,152.0,Low Loyalty,Low Qty,Needs nurturing,311,5.0
323,59,Other,South,2020-12-19,5.0,Low,High Spender,50.0,Low Loyalty,Low Qty,Potential,234,9.0
324,22,Male,South,2020-12-20,8.0,Low,High Spender,30.285714285714285,Moderately Loyal,Low Qty,Champions,455,14.0
325,44,Male,West,2020-12-21,3.0,Low,Mid Spender,83.5,Low Loyalty,Low Qty,Needs nurturing,212,5.0
326,23,Male,East,2020-12-22,4.0,Low,Mid Spender,47.0,Low Loyalty,Low Qty,Needs nurturing,123,6.0
327,49,Male,North,2020-12-23,5.0,Low,High Spender,30.75,Moderately Loyal,Low Qty,Loyal,434,11.0
328,25,Male,West,2020-12-24,3.0,Low,Low Spender,18.5,Moderately Loyal,Low Qty,At Risk,112,4.0
329,56,Other,West,2020-12-25,5.0,Low,Mid Spender,50.0,Low Loyalty,Low Qty,Potential,232,7.0
330,38,Other,South,2020-12-26,5.0,Low,Low Spender,49.5,Low Loyalty,Low Qty,Potential,332,8.0
331,35,Female,East,2020-12-28,3.0,Low,Low Spender,136.5,Low Loyalty,Low Qty,Potential,412,7.0
332,31,Male,East,2020-12-29,5.0,Low,High Spender,53.75,Low Loyalty,Low Qty,Loyal,434,11.0
333,32,Female,South,2020-12-30,1.0,Low,Low Spender,,,Low Qty,At Risk,211,4.0
334,59,Other,South,2020-12-31,5.0,Low,Mid Spender,30.5,Moderately Loyal,Low Qty,Potential,233,8.0
335,43,Male,South,2021-01-01,5.0,Low,Mid Spender,34.75,Moderately Loyal,Low Qty,Potential,233,8.0
336,61,Female,West,2021-02-01,6.0,Low,High Spender,25.6,Moderately Loyal,Low Qty,Potential,134,8.0
337,49,Male,West,2021-03-01,3.0,Low,Mid Spender,76.5,Low Loyalty,Low Qty,Needs nurturing,213,6.0
338,56,Male,West,2021-04-01,6.0,Low,High Spender,32.2,Moderately Loyal,Low Qty,Potential,234,9.0
339,45,Female,North,2021-05-01,2.0,Low,Low Spender,40.0,Moderately Loyal,Low Qty,At Risk,112,4.0
340,56,Other,North,2021-06-01,3.0,Low,Low Spender,93.5,Low Loyalty,Low Qty,Needs nurturing,411,6.0
341,60,Female,East,2021-08-01,5.0,Low,Mid Spender,42.75,Moderately Loyal,Low Qty,Potential,234,9.0
342,49,Female,South,2021-09-01,8.0,Low,High Spender,45.142857142857146,Low Loyalty,Low Qty,Champions,555,15.0
343,30,Female,South,2021-10-01,4.0,Low,Low Spender,60.333333333333336,Low Loyalty,Low Qty,Needs nurturing,321,6.0
344,32,Male,West,2021-11-01,9.0,Low,High Spender,24.375,Moderately Loyal,Low Qty,Loyal,255,12.0
345,35,Other,North,2021-12-01,5.0,Low,High Spender,33.5,Moderately Loyal,Low Qty,Potential,134,8.0
346,56,Other,South,2021-01-13,7.0,Low,High Spender,28.333333333333332,Moderately Loyal,Low Qty,Loyal,244,10.0
347,23,Male,East,2021-01-14,2.0,Low,Mid Spender,149.0,Low Loyalty,Low Qty,Needs nurturing,312,6.0
348,28,Other,South,2021-01-15,6.0,Low,Mid Spender,45.8,Low Loyalty,Low Qty,Potential,432,9.0
349,49,Female,West,2021-01-16,9.0,Low,High Spender,41.875,Moderately Loyal,Low Qty,Champions,555,15.0
350,57,Other,West,2021-01-17,8.0,Low,High Spender,40.857142857142854,Moderately Loyal,Low Qty,Champions,555,15.0
351,37,Male,North,2021-01-18,2.0,Low,Low Spender,24.0,Moderately Loyal,Low Qty,At Risk,111,3.0
352,50,Other,East,2021-01-20,3.0,Low,Low Spender,19.5,Moderately Loyal,Low Qty,At Risk,112,4.0
353,57,Male,East,2021-01-21,6.0,Low,Low Spender,48.2,Low Loyalty,Low Qty,Potential,432,9.0
354,25,Female,South,2021-01-22,5.0,Low,Mid Spender,79.0,Low Loyalty,Low Qty,Loyal,534,12.0
355,68,Male,East,2021-01-23,1.0,Low,Low Spender,,,Low Qty,Needs nurturing,311,5.0
356,52,Other,South,2021-01-24,6.0,Low,High Spender,46.6,Low Loyalty,Low Qty,Loyal,534,12.0
357,22,Female,South,2021-01-25,3.0,Low,Mid Spender,153.5,Low Loyalty,Low Qty,Potential,513,9.0
358,52,Other,North,2021-01-26,5.0,Low,Low Spender,31.75,Moderately Loyal,Low Qty,Potential,332,8.0
359,64,Male,East,2021-01-27,6.0,Low,Mid Spender,45.8,Low Loyalty,Low Qty,Loyal,433,10.0
360,31,Female,West,2021-01-28,6.0,Low,High Spender,45.4,Low Loyalty,Low Qty,Loyal,434,11.0
361,38,Male,South,2021-01-29,6.0,Low,High Spender,35.8,Moderately Loyal,Low Qty,Loyal,434,11.0
362,64,Other,South,2021-01-31,3.0,Low,Mid Spender,45.5,Low Loyalty,Low Qty,Needs nurturing,114,6.0
363,41,Male,South,2021-01-02,7.0,Low,Mid Spender,24.166666666666668,Moderately Loyal,Low Qty,Loyal,244,10.0
364,34,Other,East,2021-02-02,8.0,Low,High Spender,39.57142857142857,Moderately Loyal,Low Qty,Champions,555,15.0
365,35,Other,East,2021-03-02,8.0,Low,High Spender,28.285714285714285,Moderately Loyal,Low Qty,Loyal,255,12.0
366,51,Female,East,2021-04-02,4.0,Low,Low Spender,27.666666666666668,Moderately Loyal,Low Qty,Needs nurturing,222,6.0
367,29,Female,South,2021-05-02,4.0,Low,Low Spender,26.0,Moderately Loyal,Low Qty,Needs nurturing,122,5.0
368,33,Male,West,2021-06-02,1.0,Low,Low Spender,,,Low Qty,At Risk,111,3.0
369,21,Other,West,2021-07-02,4.0,Low,Mid Spender,65.33333333333333,Low Loyalty,Low Qty,Needs nurturing,222,6.0
370,42,Other,East,2021-08-02,4.0,Low,Low Spender,60.333333333333336,Low Loyalty,Low Qty,Potential,322,7.0
371,51,Female,West,2021-09-02,5.0,Low,High Spender,57.0,Low Loyalty,Low Qty,Loyal,434,11.0
372,45,Female,South,2021-11-02,2.0,Low,Low Spender,90.0,Low Loyalty,Low Qty,Needs nurturing,212,5.0
373,63,Female,East,2021-12-02,5.0,Low,Mid Spender,61.0,Low Loyalty,Low Qty,Potential,333,9.0
374,28,Female,East,2021-02-13,6.0,Low,High Spender,51.6,Low Loyalty,Low Qty,Loyal,434,11.0
375,30,Male,South,2021-02-14,6.0,Low,Mid Spender,64.4,Low Loyalty,Low Qty,Loyal,533,11.0
376,48,Male,East,2021-02-15,7.0,Low,High Spender,27.5,Moderately Loyal,Low Qty,Loyal,245,11.0
377,42,Male,South,2021-02-16,6.0,Low,Mid Spender,45.2,Low Loyalty,Low Qty,Loyal,434,11.0
378,56,Male,East,2021-02-17,6.0,Low,High Spender,52.2,Low Loyalty,Low Qty,Champions,535,13.0
379,27,Female,Unknown,2021-02-18,4.0,Low,Mid Spender,65.33333333333333,Low Loyalty,Low Qty,Potential,223,7.0
380,41,Male,East,2021-02-19,8.0,Low,High Spender,43.857142857142854,Moderately Loyal,Low Qty,Champions,554,14.0
381,18,Male,East,2021-02-20,8.0,Low,High Spender,33.57142857142857,Moderately Loyal,Low Qty,Champions,555,15.0
382,42,Male,East,2021-02-21,6.0,Low,High Spender,33.4,Moderately Loyal,Low Qty,Loyal,434,11.0
383,45,Female,North,2021-02-23,3.0,Low,Low Spender,46.0,Low Loyalty,Low Qty,At Risk,211,4.0
384,53,Other,West,2021-02-24,4.0,Low,Mid Spender,48.666666666666664,Low Loyalty,Low Qty,Potential,323,8.0
385,35,Female,South,2021-02-25,6.0,Low,High Spender,64.6,Low Loyalty,Low Qty,Champions,535,13.0
386,23,Other,North,2021-02-26,9.0,Low,High Spender,39.125,Moderately Loyal,Low Qty,Champions,555,15.0
387,19,Other,West,2021-02-27,6.0,Low,High Spender,33.4,Moderately Loyal,Low Qty,Champions,535,13.0
388,20,Male,East,2021-02-28,3.0,Low,Mid Spender,68.0,Low Loyalty,Low Qty,Needs nurturing,213,6.0
389,63,Male,East,2021-01-03,2.0,Low,Low Spender,42.0,Moderately Loyal,Low Qty,At Risk,111,3.0
390,25,Male,South,2021-02-03,4.0,Low,Mid Spender,71.66666666666667,Low Loyalty,Low Qty,Potential,423,9.0
391,48,Female,South,2021-03-03,5.0,Low,High Spender,26.5,Moderately Loyal,Low Qty,Potential,134,8.0
392,65,Female,West,2021-04-03,6.0,Low,High Spender,35.6,Moderately Loyal,Low Qty,Loyal,235,10.0
393,36,Male,West,2021-06-03,7.0,Low,High Spender,31.833333333333332,Moderately Loyal,Low Qty,Loyal,345,12.0
394,67,Female,South,2021-07-03,3.0,Low,Low Spender,61.0,Low Loyalty,Low Qty,At Risk,112,4.0
395,23,Female,West,2021-08-03,7.0,Low,High Spender,27.666666666666668,Moderately Loyal,Low Qty,Loyal,244,10.0
396,31,Other,South,2021-09-03,4.0,Low,Mid Spender,40.333333333333336,Moderately Loyal,Low Qty,Needs nurturing,122,5.0
397,20,Female,East,2021-10-03,8.0,Low,High Spender,31.0,Moderately Loyal,Low Qty,Champions,355,13.0
398,65,Other,South,2021-11-03,4.0,Low,Low Spender,65.0,Low Loyalty,Low Qty,Potential,322,7.0
399,18,Male,North,2021-12-03,7.0,Low,High Spender,26.833333333333332,Moderately Loyal,Low Qty,Loyal,345,12.0
400,61,Female,South,2021-03-13,5.0,Low,Mid Spender,79.25,Low Loyalty,Low Qty,Loyal,533,11.0
401,47,Other,South,2021-03-14,10.0,Low,High Spender,22.77777777777778,Moderately Loyal,Low Qty,Champions,355,13.0
402,63,Female,North,2021-03-15,5.0,Low,Mid Spender,52.75,Low Loyalty,Low Qty,Potential,333,9.0
403,36,Other,North,2021-03-17,3.0,Low,Low Spender,18.0,Moderately Loyal,Low Qty,At Risk,111,3.0
404,36,Other,North,2021-03-18,3.0,Low,Low Spender,71.0,Low Loyalty,Low Qty,At Risk,111,3.0
405,26,Female,Unknown,2021-03-19,7.0,Low,Mid Spender,47.833333333333336,Low Loyalty,Low Qty,Loyal,543,12.0
406,24,Male,South,2021-03-20,6.0,Low,Mid Spender,24.2,Moderately Loyal,Low Qty,Potential,234,9.0
407,63,Other,West,2021-03-21,8.0,Low,High Spender,29.571428571428573,Moderately Loyal,Low Qty,Champions,355,13.0
408,54,Male,North,2021-03-22,5.0,Low,Mid Spender,79.5,Low Loyalty,Low Qty,Loyal,534,12.0
409,67,Female,East,2021-03-23,1.0,Low,Low Spender,,,Low Qty,At Risk,211,4.0
410,58,Female,South,2021-03-24,3.0,Low,Low Spender,52.0,Low Loyalty,Low Qty,At Risk,112,4.0
411,24,Male,West,2021-03-25,3.0,Low,Low Spender,121.5,Low Loyalty,Low Qty,Potential,412,7.0
412,26,Female,East,2021-03-26,2.0,Low,Low Spender,95.0,Low Loyalty,Low Qty,Potential,412,7.0
413,21,Other,South,2021-03-28,2.0,Low,Low Spender,6.0,Highly Loyal,Low Qty,At Risk,111,3.0
414,42,Male,South,2021-03-29,7.0,Low,Mid Spender,51.333333333333336,Low Loyalty,Low Qty,Champions,544,13.0
415,66,Female,East,2021-03-30,3.0,Low,Low Spender,115.0,Low Loyalty,Low Qty,Needs nurturing,311,5.0
416,29,Female,North,2021-03-31,5.0,Low,High Spender,46.5,Low Loyalty,Low Qty,Potential,234,9.0
417,23,Male,North,2021-01-04,4.0,Low,Mid Spender,65.66666666666667,Low Loyalty,Low Qty,Potential,223,7.0
418,35,Other,East,2021-02-04,5.0,Low,Mid Spender,53.75,Low Loyalty,Low Qty,Potential,332,8.0
419,57,Male,West,2021-03-04,7.0,Low,High Spender,42.0,Moderately Loyal,Low Qty,Champions,544,13.0
420,38,Female,North,2021-04-04,9.0,Low,High Spender,42.375,Moderately Loyal,Low Qty,Champions,555,15.0
421,32,Female,South,2021-05-04,2.0,Low,Low Spender,158.0,Low Loyalty,Low Qty,At Risk,211,4.0
422,20,Male,South,2021-06-04,7.0,Low,Mid Spender,21.166666666666668,Moderately Loyal,Low Qty,Potential,144,9.0
423,19,Other,West,2021-07-04,2.0,Low,Low Spender,24.0,Moderately Loyal,Low Qty,At Risk,111,3.0
424,58,Other,South,2021-09-04,5.0,Low,Mid Spender,60.25,Low Loyalty,Low Qty,Loyal,434,11.0
425,57,Other,North,2021-10-04,5.0,Low,High Spender,63.75,Low Loyalty,Low Qty,Loyal,534,12.0
426,21,Male,West,2021-11-04,5.0,Low,Low Spender,48.5,Low Loyalty,Low Qty,Potential,432,9.0
427,49,Other,North,2021-12-04,6.0,Low,Mid Spender,33.0,Moderately Loyal,Low Qty,Potential,234,9.0
428,19,Other,West,2021-04-13,4.0,Low,Mid Spender,72.66666666666667,Low Loyalty,Low Qty,Loyal,523,10.0
429,63,Other,East,2021-04-14,4.0,Low,Mid Spender,84.66666666666667,Low Loyalty,Low Qty,Loyal,524,11.0
430,46,Other,South,2021-04-15,3.0,Low,Low Spender,55.5,Low Loyalty,Low Qty,Needs nurturing,411,6.0
431,19,Female,West,2021-04-16,4.0,Low,Mid Spender,70.66666666666667,Low Loyalty,Low Qty,Potential,423,9.0
432,51,Male,East,2021-04-17,6.0,Low,High Spender,42.2,Moderately Loyal,Low Qty,Loyal,335,11.0
433,44,Male,North,2021-04-18,,,,,,,,,
434,56,Other,East,2021-04-20,2.0,Low,Low Spender,22.0,Moderately Loyal,Low Qty,At Risk,211,4.0
435,61,Male,North,2021-04-21,10.0,Low,High Spender,31.11111111111111,Moderately Loyal,Low Qty,Champions,455,14.0
436,55,Male,West,2021-04-22,7.0,Low,Mid Spender,35.666666666666664,Moderately Loyal,Low Qty,Loyal,344,11.0
437,35,Female,West,2021-04-23,5.0,Low,High Spender,34.25,Moderately Loyal,Low Qty,Potential,234,9.0
438,53,Male,South,2021-04-24,4.0,Low,Low Spender,107.33333333333333,Low Loyalty,Low Qty,Potential,522,9.0
439,36,Female,South,2021-04-25,2.0,Low,Low Spender,204.0,Low Loyalty,Low Qty,Needs nurturing,311,5.0
440,44,Male,West,2021-04-26,5.0,Low,High Spender,47.5,Low Loyalty,Low Qty,Loyal,435,12.0
441,62,Female,North,2021-04-27,6.0,Low,High Spender,38.4,Moderately Loyal,Low Qty,Loyal,335,11.0
442,37,Female,North,2021-04-28,6.0,Low,High Spender,62.0,Low Loyalty,Low Qty,Champions,535,13.0
443,38,Male,West,2021-04-29,6.0,Low,Mid Spender,30.0,Moderately Loyal,Low Qty,Potential,233,8.0
444,40,Female,North,2021-01-05,2.0,Low,Low Spender,171.0,Low Loyalty,Low Qty,At Risk,211,4.0
445,47,Female,West,2021-02-05,7.0,Low,High Spender,31.0,Moderately Loyal,Low Qty,Loyal,344,11.0
446,42,Male,South,2021-03-05,3.0,Low,Low Spender,44.5,Moderately Loyal,Low Qty,At Risk,111,3.0
447,48,Female,North,2021-04-05,4.0,Low,Mid Spender,47.333333333333336,Low Loyalty,Low Qty,Needs nurturing,123,6.0
448,44,Female,Unknown,2021-05-05,3.0,Low,Mid Spender,67.5,Low Loyalty,Low Qty,Needs nurturing,213,6.0
449,51,Female,East,2021-06-05,6.0,Low,Mid Spender,20.4,Moderately Loyal,Low Qty,Needs nurturing,132,6.0
450,25,Female,South,2021-07-05,8.0,Low,High Spender,38.57142857142857,Moderately Loyal,Low Qty,Champions,454,13.0
451,36,Female,East,2021-08-05,3.0,Low,Mid Spender,28.0,Moderately Loyal,Low Qty,Potential,313,7.0
452,58,Other,South,2021-09-05,2.0,Low,Low Spender,83.0,Low Loyalty,Low Qty,At Risk,111,3.0
453,43,Female,South,2021-10-05,6.0,Low,High Spender,64.6,Low Loyalty,Low Qty,Champions,535,13.0
454,45,Female,North,2021-11-05,6.0,Low,Mid Spender,55.2,Low Loyalty,Low Qty,Loyal,533,11.0
455,21,Female,South,2021-05-13,9.0,Low,High Spender,41.625,Moderately Loyal,Low Qty,Champions,555,15.0
456,48,Female,West,2021-05-14,5.0,Low,High Spender,46.0,Low Loyalty,Low Qty,Loyal,434,11.0
457,33,Male,North,2021-05-15,4.0,Low,Mid Spender,57.666666666666664,Low Loyalty,Low Qty,Needs nurturing,222,6.0
458,68,Other,North,2021-05-16,2.0,Low,Low Spender,293.0,Low Loyalty,Low Qty,Potential,511,7.0
459,27,Male,North,2021-05-17,7.0,Low,High Spender,46.166666666666664,Low Loyalty,Low Qty,Champions,445,13.0
460,55,Other,South,2021-05-18,7.0,Low,High Spender,33.0,Moderately Loyal,Low Qty,Loyal,345,12.0
461,65,Female,North,2021-05-19,4.0,Low,Mid Spender,99.66666666666667,Low Loyalty,Low Qty,Loyal,523,10.0
462,27,Female,East,2021-05-20,4.0,Low,Low Spender,30.666666666666668,Moderately Loyal,Low Qty,Needs nurturing,321,6.0
463,62,Other,East,2021-05-21,6.0,Low,High Spender,28.4,Moderately Loyal,Low Qty,Potential,135,9.0
464,26,Other,South,2021-05-22,1.0,Low,Low Spender,,,Low Qty,At Risk,111,3.0
465,56,Male,North,2021-05-24,3.0,Low,Mid Spender,30.0,Moderately Loyal,Low Qty,Needs nurturing,213,6.0
466,53,Other,West,2021-05-25,5.0,Low,Low Spender,32.75,Moderately Loyal,Low Qty,Needs nurturing,132,6.0
467,68,Female,West,2021-05-26,7.0,Low,Mid Spender,25.666666666666668,Moderately Loyal,Low Qty,Potential,144,9.0
468,53,Male,East,2021-05-27,2.0,Low,Low Spender,115.0,Low Loyalty,Low Qty,At Risk,111,3.0
469,36,Other,South,2021-05-28,5.0,Low,Mid Spender,59.5,Low Loyalty,Low Qty,Loyal,433,10.0
470,36,Other,South,2021-05-29,3.0,Low,Mid Spender,38.0,Moderately Loyal,Low Qty,Needs nurturing,113,5.0
471,29,Male,South,2021-05-30,5.0,Low,High Spender,79.0,Low Loyalty,Low Qty,Champions,535,13.0
472,30,Other,South,2021-05-31,3.0,Low,Low Spender,91.5,Low Loyalty,Low Qty,Potential,512,8.0
473,42,Female,South,2021-01-06,5.0,Low,Mid Spender,67.25,Low Loyalty,Low Qty,Loyal,434,11.0
474,53,Male,North,2021-02-06,6.0,Low,High Spender,36.4,Moderately Loyal,Low Qty,Loyal,335,11.0
475,42,Other,North,2021-04-06,4.0,Low,Low Spender,72.33333333333333,Low Loyalty,Low Qty,Needs nurturing,321,6.0
476,45,Female,Unknown,2021-05-06,11.0,Mid,High Spender,30.4,Moderately Loyal,Low Qty,Champions,555,15.0
477,59,Other,West,2021-06-06,9.0,Low,High Spender,41.5,Moderately Loyal,Low Qty,Champions,554,14.0
478,56,Male,North,2021-07-06,3.0,Low,Mid Spender,25.0,Moderately Loyal,Low Qty,At Risk,112,4.0
479,47,Other,South,2021-08-06,1.0,Low,Low Spender,,,Low Qty,At Risk,211,4.0
480,22,Other,South,2021-09-06,2.0,Low,Low Spender,167.0,Low Loyalty,Low Qty,Needs nurturing,311,5.0
481,34,Other,West,2021-10-06,4.0,Low,Mid Spender,66.33333333333333,Low Loyalty,Low Qty,Potential,323,8.0
482,35,Female,West,2021-11-06,5.0,Low,High Spender,52.25,Low Loyalty,Low Qty,Loyal,334,10.0
483,60,Female,East,2021-12-06,7.0,Low,High Spender,25.333333333333332,Moderately Loyal,Low Qty,Loyal,345,12.0
484,64,Other,West,2021-06-13,2.0,Low,Low Spender,124.0,Low Loyalty,Low Qty,At Risk,211,4.0
485,38,Other,East,2021-06-14,9.0,Low,High Spender,24.75,Moderately Loyal,Low Qty,Champions,455,14.0
486,39,Male,North,2021-06-16,3.0,Low,Low Spender,12.0,Highly Loyal,Low Qty,At Risk,211,4.0
487,56,Other,South,2021-06-17,1.0,Low,Low Spender,,,Low Qty,At Risk,211,4.0
488,67,Male,East,2021-06-18,5.0,Low,Low Spender,44.75,Moderately Loyal,Low Qty,Potential,332,8.0
489,23,Female,East,2021-06-19,5.0,Low,Mid Spender,58.0,Low Loyalty,Low Qty,Potential,333,9.0
490,67,Other,East,2021-06-20,7.0,Low,High Spender,26.666666666666668,Moderately Loyal,Low Qty,Loyal,245,11.0
491,33,Male,West,2021-06-21,4.0,Low,Low Spender,27.333333333333332,Moderately Loyal,Low Qty,Needs nurturing,122,5.0
492,19,Female,West,2021-06-22,5.0,Low,Mid Spender,69.0,Low Loyalty,Low Qty,Loyal,433,10.0
493,68,Male,West,2021-06-23,5.0,Low,Low Spender,30.25,Moderately Loyal,Low Qty,Needs nurturing,132,6.0
494,18,Female,East,2021-06-24,8.0,Low,High Spender,28.142857142857142,Moderately Loyal,Low Qty,Loyal,255,12.0
495,47,Other,North,2021-06-25,3.0,Low,Low Spender,7.5,Highly Loyal,Low Qty,At Risk,112,4.0
496,60,Male,South,2021-06-27,1.0,Low,Low Spender,,,Low Qty,At Risk,111,3.0
497,69,Other,West,2021-06-28,10.0,Low,High Spender,36.666666666666664,Moderately Loyal,Low Qty,Champions,555,15.0
498,54,Male,North,2021-06-29,3.0,Low,Low Spender,10.0,Highly Loyal,Low Qty,At Risk,112,4.0
499,65,Female,West,2021-06-30,5.0,Low,Mid Spender,43.0,Moderately Loyal,Low Qty,Potential,234,9.0
500,40,Male,West,2021-01-07,9.0,Low,High Spender,23.375,Moderately Loyal,Low Qty,Loyal,354,12.0
501,18,Male,East,2021-02-07,5.0,Low,High Spender,53.75,Low Loyalty,Low Qty,Loyal,334,10.0
502,36,Other,East,2021-03-07,3.0,Low,Mid Spender,112.5,Low Loyalty,Low Qty,Potential,513,9.0
503,63,Other,West,2021-04-07,4.0,Low,High Spender,59.666666666666664,Low Loyalty,Low Qty,Potential,324,9.0
504,20,Other,South,2021-05-07,4.0,Low,Low Spender,50.666666666666664,Low Loyalty,Low Qty,Needs nurturing,122,5.0
505,19,Female,West,2021-06-07,6.0,Low,High Spender,56.2,Low Loyalty,Low Qty,Champions,535,13.0
506,54,Other,South,2021-08-07,7.0,Low,Mid Spender,41.833333333333336,Moderately Loyal,Low Qty,Loyal,443,11.0
507,34,Male,North,2021-09-07,3.0,Low,Mid Spender,98.5,Low Loyalty,Low Qty,Potential,412,7.0
508,45,Female,West,2021-10-07,6.0,Low,High Spender,32.4,Moderately Loyal,Low Qty,Loyal,335,11.0
509,35,Other,South,2021-11-07,4.0,Low,Low Spender,52.333333333333336,Low Loyalty,Low Qty,Potential,322,7.0
510,50,Male,North,2021-12-07,4.0,Low,Mid Spender,106.0,Low Loyalty,Low Qty,Loyal,523,10.0
511,32,Male,North,2021-07-13,8.0,Low,High Spender,46.0,Low Loyalty,Low Qty,Champions,555,15.0
512,39,Female,East,2021-07-14,4.0,Low,Mid Spender,30.0,Moderately Loyal,Low Qty,Potential,124,7.0
513,58,Male,North,2021-07-15,5.0,Low,Mid Spender,54.75,Low Loyalty,Low Qty,Potential,333,9.0
514,44,Other,East,2021-07-16,4.0,Low,Low Spender,101.33333333333333,Low Loyalty,Low Qty,Potential,521,8.0
515,54,Male,North,2021-07-17,5.0,Low,High Spender,30.0,Moderately Loyal,Low Qty,Potential,134,8.0
516,49,Other,North,2021-07-19,8.0,Low,High Spender,32.42857142857143,Moderately Loyal,Low Qty,Loyal,354,12.0
517,62,Other,Unknown,2021-07-20,10.0,Low,High Spender,24.333333333333332,Moderately Loyal,Low Qty,Champions,555,15.0
518,36,Female,South,2021-07-21,3.0,Low,Low Spender,158.0,Low Loyalty,Low Qty,Potential,511,7.0
519,45,Male,East,2021-07-22,4.0,Low,Low Spender,27.0,Moderately Loyal,Low Qty,At Risk,121,4.0
520,45,Female,West,2021-07-23,7.0,Low,High Spender,43.333333333333336,Moderately Loyal,Low Qty,Champions,445,13.0
521,27,Female,South,2021-07-24,6.0,Low,Mid Spender,60.6,Low Loyalty,Low Qty,Loyal,533,11.0
522,37,Female,North,2021-07-25,3.0,Low,Mid Spender,61.0,Low Loyalty,Low Qty,At Risk,112,4.0
523,42,Other,East,2021-07-26,3.0,Low,Mid Spender,87.0,Low Loyalty,Low Qty,Potential,313,7.0
524,38,Other,East,2021-07-27,8.0,Low,High Spender,36.857142857142854,Moderately Loyal,Low Qty,Champions,454,13.0
525,31,Other,East,2021-07-28,5.0,Low,High Spender,55.25,Low Loyalty,Low Qty,Loyal,334,10.0
526,39,Other,North,2021-07-29,10.0,Low,High Spender,20.0,Moderately Loyal,Low Qty,Champions,355,13.0
527,43,Male,South,2021-07-31,4.0,Low,High Spender,90.66666666666667,Low Loyalty,Low Qty,Loyal,524,11.0
528,61,Male,West,2021-01-08,1.0,Low,Low Spender,,,Low Qty,Needs nurturing,311,5.0
529,28,Other,East,2021-02-08,4.0,Low,Low Spender,26.333333333333332,Moderately Loyal,Low Qty,Needs nurturing,321,6.0
530,24,Other,North,2021-03-08,2.0,Low,Low Spender,40.0,Moderately Loyal,Low Qty,At Risk,111,3.0
531,34,Male,South,2021-04-08,3.0,Low,Low Spender,62.5,Low Loyalty,Low Qty,Needs nurturing,411,6.0
532,35,Female,South,2021-05-08,6.0,Low,High Spender,31.4,Moderately Loyal,Low Qty,Loyal,334,10.0
533,24,Female,West,2021-06-08,5.0,Low,Mid Spender,33.25,Moderately Loyal,Low Qty,Potential,234,9.0
534,37,Other,East,2021-07-08,2.0,Low,Mid Spender,43.0,Moderately Loyal,Low Qty,Needs nurturing,113,5.0
535,55,Female,North,2021-08-08,2.0,Low,Low Spender,83.0,Low Loyalty,Low Qty,Needs nurturing,312,6.0
536,28,Other,South,2021-09-08,3.0,Low,Low Spender,106.0,Low Loyalty,Low Qty,Potential,512,8.0
537,61,Other,North,2021-11-08,8.0,Low,High Spender,25.714285714285715,Moderately Loyal,Low Qty,Loyal,354,12.0
538,33,Other,South,2021-12-08,4.0,Low,Low Spender,75.0,Low Loyalty,Low Qty,Needs nurturing,321,6.0
539,68,Male,East,2021-08-13,4.0,Low,Mid Spender,71.33333333333333,Low Loyalty,Low Qty,Loyal,523,10.0
540,44,Female,East,2021-08-14,4.0,Low,Mid Spender,61.0,Low Loyalty,Low Qty,Potential,423,9.0
541,68,Male,West,2021-08-15,3.0,Low,Low Spender,120.0,Low Loyalty,Low Qty,Needs nurturing,312,6.0
542,28,Female,South,2021-08-16,6.0,Low,Mid Spender,31.8,Moderately Loyal,Low Qty,Potential,333,9.0
543,33,Male,North,2021-08-17,3.0,Low,Low Spender,127.5,Low Loyalty,Low Qty,Potential,512,8.0
544,40,Male,South,2021-08-18,3.0,Low,Mid Spender,34.0,Moderately Loyal,Low Qty,Needs nurturing,212,5.0
545,29,Other,North,2021-08-19,1.0,Low,Low Spender,,,Low Qty,At Risk,111,3.0
546,57,Other,West,2021-08-20,5.0,Low,Mid Spender,31.75,Moderately Loyal,Low Qty,Potential,233,8.0
547,20,Male,South,2021-08-22,8.0,Low,High Spender,40.857142857142854,Moderately Loyal,Low Qty,Champions,455,14.0
548,19,Female,East,2021-08-23,6.0,Low,Mid Spender,67.6,Low Loyalty,Low Qty,Loyal,533,11.0
549,55,Female,North,2021-08-24,5.0,Low,Mid Spender,24.25,Moderately Loyal,Low Qty,Potential,333,9.0
550,65,Other,East,2021-08-25,8.0,Low,High Spender,17.428571428571427,Moderately Loyal,Low Qty,Loyal,254,11.0
551,69,Other,West,2021-08-26,7.0,Low,High Spender,44.166666666666664,Moderately Loyal,Low Qty,Loyal,444,12.0
552,41,Female,West,2021-08-27,3.0,Low,Mid Spender,32.5,Moderately Loyal,Low Qty,At Risk,112,4.0
553,46,Female,North,2021-08-28,4.0,Low,Low Spender,28.0,Moderately Loyal,Low Qty,Needs nurturing,222,6.0
554,64,Female,South,2021-08-29,10.0,Low,High Spender,24.88888888888889,Moderately Loyal,Low Qty,Champions,455,14.0
555,63,Other,East,2021-08-30,1.0,Low,Low Spender,,,Low Qty,At Risk,111,3.0
556,51,Female,East,2021-08-31,6.0,Low,Mid Spender,48.8,Low Loyalty,Low Qty,Potential,432,9.0
557,37,Other,North,2021-01-09,5.0,Low,Low Spender,45.0,Moderately Loyal,Low Qty,Potential,431,8.0
558,35,Male,North,2021-03-09,6.0,Low,High Spender,52.0,Low Loyalty,Low Qty,Champions,535,13.0
559,31,Male,North,2021-04-09,7.0,Low,High Spender,32.0,Moderately Loyal,Low Qty,Loyal,345,12.0
560,35,Male,West,2021-05-09,3.0,Low,Low Spender,84.0,Low Loyalty,Low Qty,Needs nurturing,212,5.0
561,19,Female,West,2021-06-09,7.0,Low,High Spender,46.166666666666664,Low Loyalty,Low Qty,Champions,544,13.0
562,18,Other,East,2021-07-09,6.0,Low,High Spender,66.4,Low Loyalty,Low Qty,Loyal,534,12.0
563,37,Female,South,2021-08-09,8.0,Low,High Spender,37.285714285714285,Moderately Loyal,Low Qty,Champions,455,14.0
564,51,Other,North,2021-09-09,6.0,Low,Mid Spender,54.8,Low Loyalty,Low Qty,Loyal,532,10.0
565,58,Female,West,2021-10-09,3.0,Low,Low Spender,23.5,Moderately Loyal,Low Qty,At Risk,111,3.0
566,58,Male,South,2021-11-09,6.0,Low,Mid Spender,62.8,Low Loyalty,Low Qty,Loyal,533,11.0
567,65,Other,North,2021-12-09,4.0,Low,Low Spender,51.666666666666664,Low Loyalty,Low Qty,Needs nurturing,321,6.0
568,28,Female,South,2021-09-14,2.0,Low,Low Spender,132.0,Low Loyalty,Low Qty,At Risk,211,4.0
569,44,Other,North,2021-09-15,3.0,Low,Mid Spender,124.5,Low Loyalty,Low Qty,Potential,513,9.0
570,40,Other,South,2021-09-16,4.0,Low,Mid Spender,85.33333333333333,Low Loyalty,Low Qty,Potential,423,9.0
571,55,Female,East,2021-09-17,7.0,Low,Mid Spender,17.5,Moderately Loyal,Low Qty,Potential,243,9.0
572,61,Female,North,2021-09-18,6.0,Low,Mid Spender,31.6,Moderately Loyal,Low Qty,Potential,233,8.0
573,20,Other,North,2021-09-19,7.0,Low,High Spender,33.0,Moderately Loyal,Low Qty,Loyal,345,12.0
574,29,Other,East,2021-09-20,7.0,Low,Mid Spender,51.333333333333336,Low Loyalty,Low Qty,Loyal,543,12.0
575,47,Male,North,2021-09-21,8.0,Low,High Spender,31.428571428571427,Moderately Loyal,Low Qty,Champions,355,13.0
576,48,Other,North,2021-09-22,4.0,Low,High Spender,63.0,Low Loyalty,Low Qty,Potential,224,8.0
577,40,Male,West,2021-09-23,3.0,Low,Low Spender,68.5,Low Loyalty,Low Qty,At Risk,111,3.0
578,18,Male,East,2021-09-25,5.0,Low,Mid Spender,57.0,Low Loyalty,Low Qty,Potential,432,9.0
579,58,Male,West,2021-09-26,6.0,Low,Mid Spender,28.8,Moderately Loyal,Low Qty,Potential,333,9.0
580,37,Other,East,2021-09-27,6.0,Low,High Spender,54.8,Low Loyalty,Low Qty,Loyal,435,12.0
581,23,Male,South,2021-09-28,6.0,Low,Low Spender,50.4,Low Loyalty,Low Qty,Potential,432,9.0
582,28,Other,East,2021-09-29,5.0,Low,Mid Spender,71.25,Low Loyalty,Low Qty,Loyal,533,11.0
583,52,Other,East,2021-09-30,2.0,Low,Low Spender,32.0,Moderately Loyal,Low Qty,At Risk,112,4.0
584,21,Female,West,2021-01-10,8.0,Low,High Spender,34.714285714285715,Moderately Loyal,Low Qty,Champions,454,13.0
585,46,Other,North,2021-02-10,3.0,Low,Mid Spender,16.0,Moderately Loyal,Low Qty,At Risk,112,4.0
586,27,Other,East,2021-03-10,3.0,Low,Low Spender,22.5,Moderately Loyal,Low Qty,At Risk,112,4.0
587,68,Male,North,2021-04-10,3.0,Low,Low Spender,92.5,Low Loyalty,Low Qty,Needs nurturing,212,5.0
588,46,Other,East,2021-05-10,8.0,Low,High Spender,16.571428571428573,Moderately Loyal,Low Qty,Loyal,254,11.0
589,55,Other,West,2021-07-10,4.0,Low,Mid Spender,6.666666666666667,Highly Loyal,Low Qty,Needs nurturing,123,6.0
590,18,Female,East,2021-08-10,3.0,Low,Low Spender,79.0,Low Loyalty,Low Qty,Needs nurturing,411,6.0
591,57,Female,South,2021-09-10,2.0,Low,Mid Spender,166.0,Low Loyalty,Low Qty,Potential,412,7.0
592,25,Male,East,2021-10-10,3.0,Low,Low Spender,16.0,Moderately Loyal,Low Qty,At Risk,112,4.0
593,55,Male,East,2021-11-10,4.0,Low,Low Spender,34.333333333333336,Moderately Loyal,Low Qty,At Risk,121,4.0
594,34,Female,North,2021-12-10,8.0,Low,High Spender,31.714285714285715,Moderately Loyal,Low Qty,Champions,454,13.0
595,36,Female,North,2021-10-13,1.0,Low,Low Spender,,,Low Qty,At Risk,111,3.0
596,50,Other,South,2021-10-14,5.0,Low,Low Spender,69.25,Low Loyalty,Low Qty,Loyal,532,10.0
597,32,Male,East,2021-10-15,2.0,Low,Low Spender,77.0,Low Loyalty,Low Qty,Needs nurturing,312,6.0
598,62,Male,North,2021-10-16,7.0,Low,Mid Spender,26.833333333333332,Moderately Loyal,Low Qty,Potential,144,9.0
599,48,Other,East,2021-10-18,3.0,Low,Low Spender,44.0,Moderately Loyal,Low Qty,At Risk,112,4.0
600,38,Other,West,2021-10-19,,,,,,,,,
601,20,Male,West,2021-10-20,5.0,Low,Mid Spender,41.75,Moderately Loyal,Low Qty,Potential,134,8.0
602,19,Female,South,2021-10-21,9.0,Low,High Spender,34.875,Moderately Loyal,Low Qty,Champions,555,15.0
603,52,Female,West,2021-10-22,1.0,Low,Low Spender,,,Low Qty,At Risk,211,4.0
604,58,Other,North,2021-10-23,8.0,Low,Mid Spender,35.857142857142854,Moderately Loyal,Low Qty,Loyal,453,12.0
605,33,Male,North,2021-10-24,6.0,Low,High Spender,61.2,Low Loyalty,Low Qty,Loyal,534,12.0
606,62,Other,South,2021-10-25,2.0,Low,Low Spender,3.0,Highly Loyal,Low Qty,At Risk,111,3.0
607,68,Female,East,2021-10-26,5.0,Low,Mid Spender,24.25,Moderately Loyal,Low Qty,Potential,133,7.0
608,67,Female,North,2021-10-27,5.0,Low,Mid Spender,69.0,Low Loyalty,Low Qty,Loyal,433,10.0
609,38,Other,West,2021-10-29,4.0,Low,Mid Spender,42.333333333333336,Moderately Loyal,Low Qty,Needs nurturing,123,6.0
610,29,Female,North,2021-10-30,8.0,Low,High Spender,47.42857142857143,Low Loyalty,Low Qty,Champions,555,15.0
611,45,Male,South,2021-10-31,3.0,Low,Low Spender,163.0,Low Loyalty,Low Qty,Potential,511,7.0
612,29,Other,West,2021-01-11,6.0,Low,High Spender,56.4,Low Loyalty,Low Qty,Loyal,534,12.0
613,50,Other,West,2021-02-11,11.0,Mid,High Spender,31.1,Moderately Loyal,Low Qty,Champions,555,15.0
614,37,Other,West,2021-03-11,3.0,Low,Low Spender,109.5,Low Loyalty,Low Qty,Potential,511,7.0
615,57,Female,South,2021-04-11,3.0,Low,Low Spender,70.0,Low Loyalty,Low Qty,At Risk,112,4.0
616,66,Male,South,2021-05-11,5.0,Low,Mid Spender,30.0,Moderately Loyal,Low Qty,Potential,133,7.0
617,38,Other,East,2021-06-11,4.0,Low,Low Spender,48.333333333333336,Low Loyalty,Low Qty,Needs nurturing,122,5.0
618,69,Other,East,2021-07-11,4.0,Low,Mid Spender,69.0,Low Loyalty,Low Qty,Loyal,523,10.0
619,56,Female,East,2021-09-11,4.0,Low,Mid Spender,61.666666666666664,Low Loyalty,Low Qty,Potential,323,8.0
620,58,Male,South,2021-10-11,7.0,Low,High Spender,41.5,Moderately Loyal,Low Qty,Loyal,444,12.0
621,66,Other,West,2021-11-11,3.0,Low,Mid Spender,75.5,Low Loyalty,Low Qty,Potential,412,7.0
622,59,Female,West,2021-12-11,4.0,Low,Low Spender,59.0,Low Loyalty,Low Qty,Needs nurturing,221,5.0
623,53,Other,North,2021-11-13,8.0,Low,High Spender,14.571428571428571,Highly Loyal,Low Qty,Loyal,155,11.0
624,39,Female,East,2021-11-14,5.0,Low,Mid Spender,32.0,Moderately Loyal,Low Qty,Potential,133,7.0
625,43,Male,West,2021-11-15,6.0,Low,High Spender,63.6,Low Loyalty,Low Qty,Champions,535,13.0
626,24,Female,West,2021-11-16,4.0,Low,Low Spender,50.0,Low Loyalty,Low Qty,Needs nurturing,222,6.0
627,24,Other,West,2021-11-17,2.0,Low,Low Spender,10.0,Highly Loyal,Low Qty,At Risk,111,3.0
628,25,Other,West,2021-11-18,6.0,Low,High Spender,57.6,Low Loyalty,Low Qty,Loyal,435,12.0
629,43,Female,South,2021-11-19,7.0,Low,Mid Spender,45.833333333333336,Low Loyalty,Low Qty,Champions,544,13.0
630,41,Male,East,2021-11-21,5.0,Low,Mid Spender,60.5,Low Loyalty,Low Qty,Loyal,433,10.0
631,41,Male,West,2021-11-22,4.0,Low,Mid Spender,55.0,Low Loyalty,Low Qty,Potential,323,8.0
632,57,Other,West,2021-11-23,4.0,Low,Mid Spender,111.0,Low Loyalty,Low Qty,Loyal,524,11.0
633,65,Other,West,2021-11-24,6.0,Low,High Spender,41.8,Moderately Loyal,Low Qty,Loyal,434,11.0
634,29,Female,West,2021-11-25,6.0,Low,High Spender,63.0,Low Loyalty,Low Qty,Champions,535,13.0
635,64,Female,North,2021-11-26,3.0,Low,Low Spender,51.0,Low Loyalty,Low Qty,At Risk,112,4.0
636,25,Female,West,2021-11-27,2.0,Low,Low Spender,155.0,Low Loyalty,Low Qty,At Risk,211,4.0
637,26,Male,West,2021-11-28,7.0,Low,High Spender,40.166666666666664,Moderately Loyal,Low Qty,Loyal,345,12.0
638,20,Male,West,2021-11-29,7.0,Low,High Spender,49.5,Low Loyalty,Low Qty,Champions,545,14.0
639,38,Other,North,2021-11-30,4.0,Low,Low Spender,76.0,Low Loyalty,Low Qty,Potential,422,8.0
640,48,Other,South,2021-02-12,6.0,Low,Mid Spender,51.8,Low Loyalty,Low Qty,Loyal,433,10.0
641,65,Other,North,2021-03-12,5.0,Low,Mid Spender,76.25,Low Loyalty,Low Qty,Loyal,534,12.0
642,64,Female,West,2021-04-12,5.0,Low,Mid Spender,69.25,Low Loyalty,Low Qty,Loyal,533,11.0
643,41,Male,South,2021-05-12,4.0,Low,Mid Spender,76.0,Low Loyalty,Low Qty,Loyal,523,10.0
644,21,Other,West,2021-06-12,3.0,Low,Mid Spender,108.5,Low Loyalty,Low Qty,Potential,512,8.0
645,37,Other,South,2021-07-12,6.0,Low,Mid Spender,26.0,Moderately Loyal,Low Qty,Potential,233,8.0
646,33,Other,West,2021-08-12,8.0,Low,High Spender,31.142857142857142,Moderately Loyal,Low Qty,Champions,455,14.0
647,27,Other,West,2021-09-12,3.0,Low,Low Spender,100.0,Low Loyalty,Low Qty,Needs nurturing,311,5.0
648,60,Other,South,2021-10-12,11.0,Mid,High Spender,18.5,Moderately Loyal,Low Qty,Champions,455,14.0
649,43,Other,South,2021-11-12,3.0,Low,Low Spender,150.5,Low Loyalty,Low Qty,Needs nurturing,411,6.0
650,46,Male,West,2021-12-13,4.0,Low,Mid Spender,63.333333333333336,Low Loyalty,Low Qty,Potential,322,7.0
651,22,Other,North,2021-12-14,2.0,Low,Low Spender,29.0,Moderately Loyal,Low Qty,At Risk,211,4.0
652,28,Male,North,2021-12-15,2.0,Low,Low Spender,133.0,Low Loyalty,Low Qty,At Risk,112,4.0
653,46,Female,North,2021-12-16,5.0,Low,Mid Spender,7.75,Highly Loyal,Low Qty,Potential,133,7.0
654,62,Male,North,2021-12-17,6.0,Low,High Spender,31.6,Moderately Loyal,Low Qty,Potential,234,9.0
655,32,Female,South,2021-12-18,7.0,Low,High Spender,45.833333333333336,Low Loyalty,Low Qty,Champions,445,13.0
656,23,Male,South,2021-12-19,6.0,Low,High Spender,44.0,Moderately Loyal,Low Qty,Loyal,334,10.0
657,65,Male,North,2021-12-20,6.0,Low,Mid Spender,56.6,Low Loyalty,Low Qty,Potential,432,9.0
658,32,Other,East,2021-12-21,6.0,Low,High Spender,49.8,Low Loyalty,Low Qty,Champions,535,13.0
659,60,Male,East,2021-12-22,11.0,Mid,Mid Spender,26.1,Moderately Loyal,Low Qty,Champions,454,13.0
660,37,Male,East,2021-12-23,7.0,Low,High Spender,39.166666666666664,Moderately Loyal,Low Qty,Loyal,344,11.0
661,51,Other,West,2021-12-25,7.0,Low,High Spender,29.833333333333332,Moderately Loyal,Low Qty,Loyal,344,11.0
662,19,Female,North,2021-12-26,9.0,Low,High Spender,42.25,Moderately Loyal,Low Qty,Champions,555,15.0
663,61,Other,West,2021-12-27,6.0,Low,Mid Spender,27.4,Moderately Loyal,Low Qty,Potential,133,7.0
664,33,Other,South,2021-12-28,14.0,Mid,High Spender,23.76923076923077,Moderately Loyal,Low Qty,Champions,555,15.0
665,36,Other,South,2021-12-29,6.0,Low,High Spender,25.2,Moderately Loyal,Low Qty,Potential,135,9.0
666,51,Female,East,2021-12-30,10.0,Low,High Spender,24.88888888888889,Moderately Loyal,Low Qty,Champions,455,14.0
667,66,Male,East,2021-12-31,4.0,Low,Low Spender,87.33333333333333,Low Loyalty,Low Qty,Potential,522,9.0
668,131,Male,Unknown,2022-01-01,2.0,Low,Low Spender,51.0,Low Loyalty,Low Qty,Needs nurturing,311,5.0
669,41,Other,East,2022-02-01,5.0,Low,Mid Spender,33.25,Moderately Loyal,Low Qty,Potential,233,8.0
670,45,Other,East,2022-03-01,12.0,Mid,High Spender,27.272727272727273,Moderately Loyal,Low Qty,Champions,455,14.0
671,65,Male,South,2022-05-01,,,,,,,,,
672,49,Male,West,2022-06-01,10.0,Low,High Spender,32.44444444444444,Moderately Loyal,Low Qty,Champions,455,14.0
673,54,Male,East,2022-07-01,7.0,Low,Mid Spender,38.833333333333336,Moderately Loyal,Low Qty,Loyal,443,11.0
674,27,Female,West,2022-08-01,2.0,Low,Low Spender,153.0,Low Loyalty,Low Qty,At Risk,211,4.0
675,66,Female,East,2022-09-01,5.0,Low,Mid Spender,38.0,Moderately Loyal,Low Qty,Potential,234,9.0
676,62,Other,North,2022-10-01,11.0,Mid,High Spender,27.6,Moderately Loyal,Low Qty,Champions,455,14.0
677,65,Female,West,2022-11-01,3.0,Low,Low Spender,130.5,Low Loyalty,Low Qty,Needs nurturing,411,6.0
678,26,Other,West,2022-12-01,4.0,Low,Mid Spender,78.0,Low Loyalty,Low Qty,Loyal,523,10.0
679,41,Male,East,2022-01-13,3.0,Low,Low Spender,13.0,Highly Loyal,Low Qty,At Risk,211,4.0
680,53,Male,West,2022-01-14,1.0,Low,Low Spender,,,Low Qty,At Risk,111,3.0
681,46,Other,North,2022-01-16,5.0,Low,Mid Spender,46.75,Low Loyalty,Low Qty,Potential,333,9.0
682,46,Male,South,2022-01-17,6.0,Low,High Spender,50.4,Low Loyalty,Low Qty,Loyal,435,12.0
683,65,Other,North,2022-01-18,4.0,Low,Mid Spender,56.0,Low Loyalty,Low Qty,Potential,323,8.0
684,40,Other,South,2022-01-19,4.0,Low,Low Spender,97.33333333333333,Low Loyalty,Low Qty,Potential,422,8.0
685,44,Other,North,2022-01-20,10.0,Low,High Spender,21.666666666666668,Moderately Loyal,Low Qty,Champions,355,13.0
686,48,Female,North,2022-01-21,5.0,Low,Mid Spender,72.25,Low Loyalty,Low Qty,Loyal,533,11.0
687,60,Other,West,2022-01-22,7.0,Low,High Spender,31.666666666666668,Moderately Loyal,Low Qty,Champions,445,13.0
688,24,Other,North,2022-01-23,6.0,Low,Mid Spender,35.6,Moderately Loyal,Low Qty,Potential,233,8.0
689,66,Other,East,2022-01-24,8.0,Low,High Spender,47.714285714285715,Low Loyalty,Low Qty,Champions,554,14.0
690,62,Female,East,2022-01-25,7.0,Low,High Spender,22.333333333333332,Moderately Loyal,Low Qty,Loyal,145,10.0
691,21,Male,East,2022-01-26,6.0,Low,Mid Spender,42.8,Moderately Loyal,Low Qty,Potential,333,9.0
692,31,Female,East,2022-01-28,5.0,Low,Mid Spender,77.75,Low Loyalty,Low Qty,Loyal,533,11.0
693,59,Other,West,2022-01-29,7.0,Low,High Spender,43.333333333333336,Moderately Loyal,Low Qty,Champions,545,14.0
694,59,Female,East,2022-01-30,,,,,,,,,
695,27,Male,North,2022-01-31,4.0,Low,Mid Spender,65.0,Low Loyalty,Low Qty,Needs nurturing,222,6.0
696,61,Male,East,2022-01-02,5.0,Low,Low Spender,42.0,Moderately Loyal,Low Qty,Potential,332,8.0
697,51,Other,West,2022-02-02,2.0,Low,Low Spender,60.0,Low Loyalty,Low Qty,At Risk,111,3.0
698,43,Male,South,2022-03-02,5.0,Low,Mid Spender,62.75,Low Loyalty,Low Qty,Loyal,433,10.0
699,40,Female,North,2022-04-02,4.0,Low,Mid Spender,100.66666666666667,Low Loyalty,Low Qty,Loyal,523,10.0
700,26,Female,North,2022-05-02,8.0,Low,High Spender,36.714285714285715,Moderately Loyal,Low Qty,Champions,454,13.0
701,54,Male,West,2022-06-02,6.0,Low,Low Spender,55.0,Low Loyalty,Low Qty,Potential,432,9.0
702,25,Other,South,2022-08-02,4.0,Low,Low Spender,33.666666666666664,Moderately Loyal,Low Qty,Needs nurturing,221,5.0
703,31,Other,East,2022-09-02,5.0,Low,Mid Spender,42.5,Moderately Loyal,Low Qty,Potential,333,9.0
704,24,Female,South,2022-10-02,11.0,Mid,High Spender,25.2,Moderately Loyal,Low Qty,Champions,455,14.0
705,24,Male,North,2022-11-02,3.0,Low,Mid Spender,53.5,Low Loyalty,Low Qty,Needs nurturing,213,6.0
706,26,Female,North,2022-12-02,1.0,Low,Low Spender,,,Low Qty,At Risk,111,3.0
707,20,Female,North,2022-02-13,3.0,Low,Mid Spender,101.5,Low Loyalty,Low Qty,Potential,412,7.0
708,31,Female,South,2022-02-14,5.0,Low,Low Spender,41.25,Moderately Loyal,Low Qty,Potential,531,9.0
709,34,Other,East,2022-02-15,4.0,Low,High Spender,87.33333333333333,Low Loyalty,Low Qty,Loyal,524,11.0
710,67,Male,North,2022-02-16,8.0,Low,High Spender,41.714285714285715,Moderately Loyal,Low Qty,Champions,454,13.0
711,61,Male,West,2022-02-17,4.0,Low,Mid Spender,28.0,Moderately Loyal,Low Qty,Needs nurturing,122,5.0
712,39,Other,East,2022-02-19,2.0,Low,Low Spender,155.0,Low Loyalty,Low Qty,Potential,511,7.0
713,63,Female,North,2022-02-20,3.0,Low,Low Spender,100.0,Low Loyalty,Low Qty,Potential,412,7.0
714,43,Female,East,2022-02-21,6.0,Low,Mid Spender,21.8,Moderately Loyal,Low Qty,Potential,133,7.0
715,45,Other,West,2022-02-22,4.0,Low,Mid Spender,49.0,Low Loyalty,Low Qty,Potential,223,7.0
716,62,Male,South,2022-02-23,2.0,Low,Low Spender,110.0,Low Loyalty,Low Qty,Needs nurturing,311,5.0
717,31,Other,North,2022-02-24,2.0,Low,Low Spender,59.0,Low Loyalty,Low Qty,At Risk,111,3.0
718,26,Male,West,2022-02-25,3.0,Low,Low Spender,59.5,Low Loyalty,Low Qty,At Risk,211,4.0
719,68,Male,North,2022-02-26,2.0,Low,Low Spender,64.0,Low Loyalty,Low Qty,At Risk,111,3.0
720,43,Male,North,2022-02-27,4.0,Low,Mid Spender,62.0,Low Loyalty,Low Qty,Potential,223,7.0
721,19,Female,South,2022-02-28,2.0,Low,Low Spender,27.0,Moderately Loyal,Low Qty,At Risk,111,3.0
722,28,Female,South,2022-02-03,2.0,Low,Low Spender,12.0,Highly Loyal,Low Qty,At Risk,111,3.0
723,34,Other,East,2022-03-03,2.0,Low,Low Spender,198.0,Low Loyalty,Low Qty,Needs nurturing,411,6.0
724,51,Other,West,2022-04-03,3.0,Low,Low Spender,109.0,Low Loyalty,Low Qty,Needs nurturing,411,6.0
725,36,Female,West,2022-05-03,7.0,Low,High Spender,56.166666666666664,Low Loyalty,Low Qty,Champions,544,13.0
726,56,Other,South,2022-06-03,8.0,Low,Mid Spender,23.142857142857142,Moderately Loyal,Low Qty,Loyal,353,11.0
727,35,Female,North,2022-07-03,11.0,Mid,High Spender,31.5,Moderately Loyal,Low Qty,Champions,555,15.0
728,30,Female,East,2022-08-03,4.0,Low,Mid Spender,48.0,Low Loyalty,Low Qty,Needs nurturing,222,6.0
729,22,Male,South,2022-09-03,4.0,Low,Low Spender,112.66666666666667,Low Loyalty,Low Qty,Potential,522,9.0
730,67,Male,East,2022-10-03,5.0,Low,High Spender,38.0,Moderately Loyal,Low Qty,Potential,134,8.0
731,40,Female,East,2022-11-03,5.0,Low,High Spender,31.25,Moderately Loyal,Low Qty,Loyal,235,10.0
732,41,Male,West,2022-12-03,4.0,Low,Mid Spender,73.0,Low Loyalty,Low Qty,Potential,423,9.0
733,46,Female,East,2022-03-14,3.0,Low,Low Spender,26.0,Moderately Loyal,Low Qty,At Risk,111,3.0
734,65,Male,West,2022-03-15,6.0,Low,Mid Spender,62.0,Low Loyalty,Low Qty,Loyal,533,11.0
735,64,Other,North,2022-03-16,5.0,Low,Mid Spender,38.0,Moderately Loyal,Low Qty,Potential,234,9.0
736,25,Other,North,2022-03-17,8.0,Low,Mid Spender,43.57142857142857,Moderately Loyal,Low Qty,Loyal,453,12.0
737,43,Female,South,2022-03-18,4.0,Low,Mid Spender,46.333333333333336,Low Loyalty,Low Qty,Potential,423,9.0
738,32,Female,North,2022-03-19,5.0,Low,High Spender,53.0,Low Loyalty,Low Qty,Loyal,335,11.0
739,18,Male,West,2022-03-20,8.0,Low,High Spender,30.142857142857142,Moderately Loyal,Low Qty,Champions,355,13.0
740,45,Male,East,2022-03-21,5.0,Low,Mid Spender,68.5,Low Loyalty,Low Qty,Loyal,533,11.0
741,66,Female,East,2022-03-22,5.0,Low,Low Spender,63.0,Low Loyalty,Low Qty,Potential,432,9.0
742,64,Other,North,2022-03-23,2.0,Low,Low Spender,16.0,Moderately Loyal,Low Qty,At Risk,111,3.0
743,63,Other,West,2022-03-25,4.0,Low,Low Spender,65.66666666666667,Low Loyalty,Low Qty,Potential,521,8.0
744,31,Female,East,2022-03-26,6.0,Low,Mid Spender,39.8,Moderately Loyal,Low Qty,Loyal,433,10.0
745,59,Other,North,2022-03-27,4.0,Low,Low Spender,95.0,Low Loyalty,Low Qty,Potential,422,8.0
746,51,Female,West,2022-03-28,3.0,Low,Low Spender,67.0,Low Loyalty,Low Qty,Needs nurturing,311,5.0
747,48,Male,West,2022-03-29,2.0,Low,Low Spender,46.0,Low Loyalty,Low Qty,At Risk,111,3.0
748,23,Other,East,2022-03-30,6.0,Low,Mid Spender,49.0,Low Loyalty,Low Qty,Loyal,434,11.0
749,66,Other,South,2022-03-31,7.0,Low,High Spender,40.166666666666664,Moderately Loyal,Low Qty,Loyal,344,11.0
750,22,Male,South,2022-01-04,4.0,Low,Low Spender,29.666666666666668,Moderately Loyal,Low Qty,At Risk,121,4.0
751,48,Male,West,2022-02-04,7.0,Low,High Spender,37.333333333333336,Moderately Loyal,Low Qty,Loyal,444,12.0
752,54,Other,West,2022-03-04,5.0,Low,Mid Spender,65.25,Low Loyalty,Low Qty,Loyal,434,11.0
753,32,Other,North,2022-05-04,4.0,Low,Low Spender,62.666666666666664,Low Loyalty,Low Qty,Potential,421,7.0
754,32,Female,West,2022-06-04,3.0,Low,Low Spender,86.0,Low Loyalty,Low Qty,Needs nurturing,212,5.0
755,69,Female,North,2022-07-04,5.0,Low,Mid Spender,42.75,Moderately Loyal,Low Qty,Loyal,433,10.0
756,60,Other,North,2022-08-04,,,,,,,,,
757,22,Female,North,2022-09-04,4.0,Low,Low Spender,54.333333333333336,Low Loyalty,Low Qty,Potential,422,8.0
758,45,Male,West,2022-10-04,5.0,Low,Mid Spender,43.25,Moderately Loyal,Low Qty,Potential,233,8.0
759,50,Female,West,2022-11-04,8.0,Low,High Spender,22.142857142857142,Moderately Loyal,Low Qty,Loyal,255,12.0
760,28,Female,North,2022-12-04,3.0,Low,Low Spender,5.5,Highly Loyal,Low Qty,At Risk,211,4.0
761,60,Other,East,2022-04-13,7.0,Low,Mid Spender,33.5,Moderately Loyal,Low Qty,Potential,243,9.0
762,23,Female,West,2022-04-14,6.0,Low,Low Spender,34.8,Moderately Loyal,Low Qty,Potential,232,7.0
763,40,Other,South,2022-04-15,6.0,Low,High Spender,40.2,Moderately Loyal,Low Qty,Loyal,335,11.0
764,57,Other,East,2022-04-17,9.0,Low,High Spender,25.0,Moderately Loyal,Low Qty,Loyal,354,12.0
765,19,Other,South,2022-04-18,,,,,,,,,
766,32,Male,West,2022-04-19,1.0,Low,Low Spender,,,Low Qty,At Risk,111,3.0
767,40,Female,East,2022-04-20,6.0,Low,Mid Spender,40.0,Moderately Loyal,Low Qty,Potential,333,9.0
768,39,Female,West,2022-04-21,4.0,Low,Mid Spender,3.6666666666666665,Highly Loyal,Low Qty,Potential,124,7.0
769,26,Female,West,2022-04-22,6.0,Low,High Spender,55.6,Low Loyalty,Low Qty,Loyal,434,11.0
770,64,Other,East,2022-04-23,7.0,Low,Mid Spender,56.333333333333336,Low Loyalty,Low Qty,Loyal,542,11.0
771,57,Male,West,2022-04-24,6.0,Low,Mid Spender,53.2,Low Loyalty,Low Qty,Potential,432,9.0
772,47,Other,East,2022-04-25,8.0,Low,High Spender,22.714285714285715,Moderately Loyal,Low Qty,Loyal,255,12.0
773,33,Female,West,2022-04-26,3.0,Low,Mid Spender,46.0,Low Loyalty,Low Qty,Needs nurturing,212,5.0
774,63,Other,North,2022-04-28,7.0,Low,Mid Spender,42.0,Moderately Loyal,Low Qty,Loyal,443,11.0
775,64,Other,South,2022-04-29,3.0,Low,Low Spender,48.5,Low Loyalty,Low Qty,At Risk,111,3.0
776,69,Female,North,2022-04-30,11.0,Mid,High Spender,30.2,Moderately Loyal,Low Qty,Champions,555,15.0
777,47,Other,West,2022-01-05,4.0,Low,Low Spender,40.666666666666664,Moderately Loyal,Low Qty,Needs nurturing,122,5.0
778,62,Other,West,2022-02-05,5.0,Low,Mid Spender,63.5,Low Loyalty,Low Qty,Loyal,533,11.0
779,26,Male,West,2022-03-05,10.0,Low,High Spender,37.0,Moderately Loyal,Low Qty,Champions,555,15.0
780,18,Other,North,2022-04-05,4.0,Low,High Spender,60.0,Low Loyalty,Low Qty,Potential,224,8.0
781,55,Male,West,2022-05-05,7.0,Low,Mid Spender,50.833333333333336,Low Loyalty,Low Qty,Champions,544,13.0
782,25,Female,East,2022-06-05,3.0,Low,Low Spender,43.0,Moderately Loyal,Low Qty,At Risk,111,3.0
783,69,Male,South,2022-07-05,7.0,Low,High Spender,27.0,Moderately Loyal,Low Qty,Loyal,245,11.0
784,35,Other,West,2022-09-05,2.0,Low,Low Spender,111.0,Low Loyalty,Low Qty,Needs nurturing,312,6.0
785,44,Female,West,2022-10-05,4.0,Low,Mid Spender,39.666666666666664,Moderately Loyal,Low Qty,Needs nurturing,123,6.0
786,35,Other,South,2022-11-05,2.0,Low,Low Spender,110.0,Low Loyalty,Low Qty,Potential,412,7.0
787,49,Other,South,2022-12-05,8.0,Low,High Spender,24.857142857142858,Moderately Loyal,Low Qty,Loyal,255,12.0
788,66,Male,South,2022-05-13,2.0,Low,Low Spender,71.0,Low Loyalty,Low Qty,At Risk,111,3.0
789,49,Other,North,2022-05-14,5.0,Low,Mid Spender,34.75,Moderately Loyal,Low Qty,Potential,232,7.0
790,65,Male,North,2022-05-15,2.0,Low,Low Spender,123.0,Low Loyalty,Low Qty,At Risk,111,3.0
791,62,Female,West,2022-05-16,2.0,Low,Low Spender,144.0,Low Loyalty,Low Qty,At Risk,111,3.0
792,53,Female,South,2022-05-17,5.0,Low,Mid Spender,72.25,Low Loyalty,Low Qty,Loyal,533,11.0
793,53,Other,West,2022-05-18,5.0,Low,Mid Spender,71.75,Low Loyalty,Low Qty,Loyal,433,10.0
794,38,Male,West,2022-05-19,8.0,Low,High Spender,24.285714285714285,Moderately Loyal,Low Qty,Champions,355,13.0
795,63,Other,West,2022-05-21,4.0,Low,Mid Spender,71.33333333333333,Low Loyalty,Low Qty,Loyal,524,11.0
796,49,Other,North,2022-05-22,6.0,Low,High Spender,56.0,Low Loyalty,Low Qty,Loyal,534,12.0
797,48,Other,South,2022-05-23,7.0,Low,High Spender,45.666666666666664,Low Loyalty,Low Qty,Loyal,444,12.0
798,54,Other,West,2022-05-24,8.0,Low,High Spender,48.0,Low Loyalty,Low Qty,Champions,554,14.0
799,33,Male,North,2022-05-25,1.0,Low,Low Spender,,,Low Qty,At Risk,211,4.0
800,63,Other,East,2022-05-26,9.0,Low,High Spender,39.25,Moderately Loyal,Low Qty,Champions,555,15.0
801,63,Female,East,2022-05-27,5.0,Low,Low Spender,72.0,Low Loyalty,Low Qty,Potential,432,9.0
802,31,Male,West,2022-05-28,6.0,Low,High Spender,36.2,Moderately Loyal,Low Qty,Loyal,335,11.0
803,41,Other,West,2022-05-29,6.0,Low,High Spender,53.2,Low Loyalty,Low Qty,Loyal,534,12.0
804,42,Male,South,2022-05-30,5.0,Low,Mid Spender,25.5,Moderately Loyal,Low Qty,Potential,133,7.0
805,63,Other,South,2022-01-06,10.0,Low,High Spender,17.77777777777778,Moderately Loyal,Low Qty,Champions,355,13.0
806,68,Female,West,2022-02-06,8.0,Low,High Spender,30.571428571428573,Moderately Loyal,Low Qty,Champions,355,13.0
807,52,Female,North,2022-03-06,5.0,Low,Mid Spender,74.5,Low Loyalty,Low Qty,Loyal,533,11.0
808,34,Female,West,2022-04-06,,,,,,,,,
809,63,Male,South,2022-05-06,2.0,Low,Low Spender,203.0,Low Loyalty,Low Qty,Potential,511,7.0
810,59,Female,South,2022-06-06,1.0,Low,Low Spender,,,Low Qty,Needs nurturing,311,5.0
811,62,Other,North,2022-07-06,3.0,Low,Mid Spender,50.5,Low Loyalty,Low Qty,At Risk,112,4.0
812,21,Other,West,2022-08-06,4.0,Low,Low Spender,95.33333333333333,Low Loyalty,Low Qty,Potential,521,8.0
813,28,Other,South,2022-09-06,7.0,Low,Mid Spender,43.5,Moderately Loyal,Low Qty,Loyal,543,12.0
814,64,Male,West,2022-10-06,6.0,Low,High Spender,24.0,Moderately Loyal,Low Qty,Loyal,235,10.0
815,32,Male,South,2022-12-06,8.0,Low,High Spender,34.57142857142857,Moderately Loyal,Low Qty,Champions,455,14.0
816,47,Female,East,2022-06-13,6.0,Low,Mid Spender,21.0,Moderately Loyal,Low Qty,Potential,133,7.0
817,41,Male,East,2022-06-14,7.0,Low,Mid Spender,22.666666666666668,Moderately Loyal,Low Qty,Potential,243,9.0
818,19,Other,East,2022-06-15,2.0,Low,Low Spender,174.0,Low Loyalty,Low Qty,At Risk,211,4.0
819,60,Other,South,2022-06-16,6.0,Low,High Spender,49.0,Low Loyalty,Low Qty,Loyal,435,12.0
820,51,Other,North,2022-06-17,7.0,Low,High Spender,31.166666666666668,Moderately Loyal,Low Qty,Loyal,245,11.0
821,40,Male,East,2022-06-18,4.0,Low,High Spender,55.0,Low Loyalty,Low Qty,Potential,224,8.0
822,48,Other,South,2022-06-19,10.0,Low,High Spender,21.77777777777778,Moderately Loyal,Low Qty,Loyal,255,12.0
823,54,Female,West,2022-06-20,6.0,Low,High Spender,62.2,Low Loyalty,Low Qty,Loyal,534,12.0
824,30,Male,East,2022-06-21,5.0,Low,High Spender,47.75,Low Loyalty,Low Qty,Loyal,434,11.0
825,50,Other,North,2022-06-23,7.0,Low,High Spender,32.5,Moderately Loyal,Low Qty,Loyal,344,11.0
826,24,Other,North,2022-06-24,5.0,Low,Mid Spender,29.0,Moderately Loyal,Low Qty,Potential,133,7.0
827,49,Male,North,2022-06-25,5.0,Low,Mid Spender,63.0,Low Loyalty,Low Qty,Loyal,532,10.0
828,24,Male,West,2022-06-26,10.0,Low,High Spender,37.22222222222222,Moderately Loyal,Low Qty,Champions,555,15.0
829,59,Female,West,2022-06-27,5.0,Low,Mid Spender,48.5,Low Loyalty,Low Qty,Loyal,334,10.0
830,55,Male,North,2022-06-28,3.0,Low,Mid Spender,154.5,Low Loyalty,Low Qty,Potential,513,9.0
831,69,Other,North,2022-06-29,8.0,Low,Mid Spender,44.42857142857143,Moderately Loyal,Low Qty,Champions,554,14.0
832,61,Female,North,2022-06-30,5.0,Low,Mid Spender,62.25,Low Loyalty,Low Qty,Loyal,433,10.0
833,30,Other,West,2022-01-07,6.0,Low,Mid Spender,47.8,Low Loyalty,Low Qty,Loyal,532,10.0
834,41,Other,West,2022-02-07,2.0,Low,Low Spender,70.0,Low Loyalty,Low Qty,At Risk,111,3.0
835,45,Other,South,2022-03-07,5.0,Low,Mid Spender,54.5,Low Loyalty,Low Qty,Potential,332,8.0
836,49,Male,East,2022-05-07,4.0,Low,Low Spender,62.0,Low Loyalty,Low Qty,Needs nurturing,222,6.0
837,60,Male,West,2022-06-07,9.0,Low,High Spender,29.375,Moderately Loyal,Low Qty,Champions,355,13.0
838,35,Other,North,2022-07-07,6.0,Low,High Spender,63.0,Low Loyalty,Low Qty,Champions,535,13.0
839,51,Male,East,2022-08-07,2.0,Low,Low Spender,92.0,Low Loyalty,Low Qty,Needs nurturing,311,5.0
840,65,Other,West,2022-09-07,10.0,Low,High Spender,22.333333333333332,Moderately Loyal,Low Qty,Loyal,254,11.0
841,51,Male,East,2022-10-07,2.0,Low,Low Spender,104.0,Low Loyalty,Low Qty,At Risk,111,3.0
842,68,Male,South,2022-11-07,6.0,Low,Mid Spender,27.4,Moderately Loyal,Low Qty,Potential,134,8.0
843,55,Male,West,2022-12-07,4.0,Low,Low Spender,75.0,Low Loyalty,Low Qty,Potential,422,8.0
844,18,Female,North,2022-07-13,2.0,Low,Low Spender,9.0,Highly Loyal,Low Qty,At Risk,111,3.0
845,60,Male,North,2022-07-14,5.0,Low,Mid Spender,70.5,Low Loyalty,Low Qty,Loyal,533,11.0
846,67,Female,South,2022-07-16,3.0,Low,Low Spender,20.0,Moderately Loyal,Low Qty,Needs nurturing,212,5.0
847,59,Female,South,2022-07-17,3.0,Low,Low Spender,69.0,Low Loyalty,Low Qty,Needs nurturing,212,5.0
848,48,Female,South,2022-07-18,4.0,Low,High Spender,97.33333333333333,Low Loyalty,Low Qty,Loyal,524,11.0
849,67,Other,South,2022-07-19,6.0,Low,High Spender,49.6,Low Loyalty,Low Qty,Loyal,434,11.0
850,18,Male,South,2022-07-20,5.0,Low,Mid Spender,51.0,Low Loyalty,Low Qty,Loyal,433,10.0
851,68,Other,West,2022-07-21,3.0,Low,Low Spender,29.0,Moderately Loyal,Low Qty,At Risk,112,4.0
852,33,Female,West,2022-07-22,7.0,Low,Low Spender,53.5,Low Loyalty,Low Qty,Loyal,542,11.0
853,56,Male,East,2022-07-23,6.0,Low,Mid Spender,58.0,Low Loyalty,Low Qty,Loyal,533,11.0
854,32,Other,South,2022-07-24,6.0,Low,High Spender,62.8,Low Loyalty,Low Qty,Loyal,534,12.0
855,50,Female,North,2022-07-25,3.0,Low,Low Spender,82.0,Low Loyalty,Low Qty,At Risk,211,4.0
856,40,Other,North,2022-07-27,5.0,Low,Mid Spender,25.0,Moderately Loyal,Low Qty,Loyal,334,10.0
857,58,Other,South,2022-07-28,5.0,Low,Mid Spender,46.25,Low Loyalty,Low Qty,Potential,333,9.0
858,51,Male,South,2022-07-29,2.0,Low,Low Spender,60.0,Low Loyalty,Low Qty,Needs nurturing,311,5.0
859,34,Male,South,2022-07-30,7.0,Low,Mid Spender,28.666666666666668,Moderately Loyal,Low Qty,Loyal,343,10.0
860,42,Other,South,2022-07-31,2.0,Low,Low Spender,101.0,Low Loyalty,Low Qty,At Risk,111,3.0
861,59,Male,South,2022-01-08,5.0,Low,Mid Spender,34.5,Moderately Loyal,Low Qty,Potential,133,7.0
862,23,Male,North,2022-02-08,4.0,Low,Low Spender,56.666666666666664,Low Loyalty,Low Qty,Potential,421,7.0
863,48,Other,East,2022-03-08,2.0,Low,Low Spender,77.0,Low Loyalty,Low Qty,At Risk,111,3.0
864,22,Male,South,2022-04-08,6.0,Low,Mid Spender,45.8,Low Loyalty,Low Qty,Potential,333,9.0
865,57,Male,South,2022-05-08,4.0,Low,Low Spender,41.333333333333336,Moderately Loyal,Low Qty,At Risk,121,4.0
866,57,Female,South,2022-06-08,8.0,Low,High Spender,19.714285714285715,Moderately Loyal,Low Qty,Loyal,255,12.0
867,47,Male,West,2022-08-08,9.0,Low,High Spender,19.5,Moderately Loyal,Low Qty,Loyal,255,12.0
868,22,Female,North,2022-09-08,2.0,Low,Low Spender,130.0,Low Loyalty,Low Qty,At Risk,211,4.0
869,29,Other,North,2022-10-08,5.0,Low,Mid Spender,68.75,Low Loyalty,Low Qty,Loyal,433,10.0
870,24,Female,East,2022-11-08,1.0,Low,Low Spender,,,Low Qty,At Risk,111,3.0
871,62,Other,West,2022-12-08,5.0,Low,Mid Spender,58.0,Low Loyalty,Low Qty,Loyal,533,11.0
872,30,Male,West,2022-08-13,8.0,Low,High Spender,30.285714285714285,Moderately Loyal,Low Qty,Champions,355,13.0
873,66,Male,West,2022-08-14,5.0,Low,Low Spender,26.5,Moderately Loyal,Low Qty,Needs nurturing,132,6.0
874,21,Female,East,2022-08-15,3.0,Low,Low Spender,21.0,Moderately Loyal,Low Qty,At Risk,111,3.0
875,67,Other,East,2022-08-16,2.0,Low,Low Spender,8.0,Highly Loyal,Low Qty,Needs nurturing,212,5.0
876,59,Male,East,2022-08-17,6.0,Low,High Spender,56.0,Low Loyalty,Low Qty,Loyal,534,12.0
877,20,Female,West,2022-08-19,8.0,Low,High Spender,40.142857142857146,Moderately Loyal,Low Qty,Champions,455,14.0
878,29,Female,North,2022-08-20,5.0,Low,Mid Spender,80.0,Low Loyalty,Low Qty,Loyal,533,11.0
879,18,Female,West,2022-08-21,3.0,Low,Low Spender,98.5,Low Loyalty,Low Qty,Needs nurturing,312,6.0
880,44,Male,East,2022-08-22,2.0,Low,Low Spender,134.0,Low Loyalty,Low Qty,At Risk,111,3.0
881,60,Other,West,2022-08-23,11.0,Mid,High Spender,19.7,Moderately Loyal,Low Qty,Loyal,255,12.0
882,67,Male,South,2022-08-24,3.0,Low,Low Spender,100.0,Low Loyalty,Low Qty,Needs nurturing,411,6.0
883,30,Male,West,2022-08-25,9.0,Low,High Spender,35.875,Moderately Loyal,Low Qty,Champions,455,14.0
884,34,Other,West,2022-08-26,4.0,Low,Low Spender,77.66666666666667,Low Loyalty,Low Qty,Needs nurturing,321,6.0
885,25,Female,North,2022-08-27,4.0,Low,Mid Spender,20.666666666666668,Moderately Loyal,Low Qty,Needs nurturing,122,5.0
886,49,Male,North,2022-08-28,6.0,Low,Mid Spender,26.2,Moderately Loyal,Low Qty,Loyal,334,10.0
887,37,Female,North,2022-08-30,5.0,Low,Mid Spender,35.25,Moderately Loyal,Low Qty,Potential,333,9.0
888,68,Female,South,2022-08-31,8.0,Low,High Spender,13.428571428571429,Highly Loyal,Low Qty,Loyal,254,11.0
889,34,Other,North,2022-01-09,2.0,Low,Low Spender,16.0,Moderately Loyal,Low Qty,At Risk,111,3.0
890,51,Other,South,2022-02-09,1.0,Low,Low Spender,,,Low Qty,At Risk,111,3.0
891,52,Other,East,2022-03-09,9.0,Low,High Spender,33.0,Moderately Loyal,Low Qty,Champions,555,15.0
892,52,Female,North,2022-04-09,7.0,Low,Mid Spender,42.833333333333336,Moderately Loyal,Low Qty,Loyal,443,11.0
893,55,Female,West,2022-05-09,3.0,Low,Low Spender,86.0,Low Loyalty,Low Qty,Needs nurturing,212,5.0
894,59,Male,West,2022-06-09,3.0,Low,Mid Spender,140.5,Low Loyalty,Low Qty,Potential,512,8.0
895,41,Female,South,2022-07-09,3.0,Low,Low Spender,38.0,Moderately Loyal,Low Qty,Needs nurturing,212,5.0
896,35,Other,North,2022-08-09,6.0,Low,Mid Spender,31.8,Moderately Loyal,Low Qty,Potential,233,8.0
897,67,Other,West,2022-09-09,4.0,Low,High Spender,107.0,Low Loyalty,Low Qty,Loyal,525,12.0
898,63,Other,East,2022-11-09,3.0,Low,Mid Spender,30.5,Moderately Loyal,Low Qty,Needs nurturing,113,5.0
899,65,Other,North,2022-12-09,7.0,Low,High Spender,47.166666666666664,Low Loyalty,Low Qty,Champions,544,13.0
900,56,Female,East,2022-09-13,7.0,Low,High Spender,32.833333333333336,Moderately Loyal,Low Qty,Loyal,345,12.0
901,50,Other,West,2022-09-14,3.0,Low,Low Spender,85.5,Low Loyalty,Low Qty,Needs nurturing,311,5.0
902,66,Male,North,2022-09-15,4.0,Low,Low Spender,26.666666666666668,Moderately Loyal,Low Qty,Needs nurturing,122,5.0
903,40,Female,South,2022-09-16,6.0,Low,Mid Spender,63.4,Low Loyalty,Low Qty,Loyal,533,11.0
904,42,Other,West,2022-09-17,3.0,Low,Mid Spender,50.5,Low Loyalty,Low Qty,Needs nurturing,312,6.0
905,54,Male,East,2022-09-18,6.0,Low,Mid Spender,29.6,Moderately Loyal,Low Qty,Potential,233,8.0
906,44,Other,North,2022-09-19,6.0,Low,High Spender,62.2,Low Loyalty,Low Qty,Champions,535,13.0
907,18,Female,East,2022-09-20,4.0,Low,High Spender,67.33333333333333,Low Loyalty,Low Qty,Loyal,325,10.0
908,38,Female,East,2022-09-22,4.0,Low,Mid Spender,46.666666666666664,Low Loyalty,Low Qty,Needs nurturing,122,5.0
909,66,Male,South,2022-09-23,6.0,Low,High Spender,36.4,Moderately Loyal,Low Qty,Loyal,434,11.0
910,27,Female,South,2022-09-24,5.0,Low,Mid Spender,69.0,Low Loyalty,Low Qty,Loyal,433,10.0
911,48,Male,West,2022-09-25,6.0,Low,High Spender,31.4,Moderately Loyal,Low Qty,Loyal,334,10.0
912,61,Other,South,2022-09-26,7.0,Low,High Spender,47.166666666666664,Low Loyalty,Low Qty,Champions,545,14.0
913,42,Female,South,2022-09-27,4.0,Low,Mid Spender,35.333333333333336,Moderately Loyal,Low Qty,Potential,223,7.0
914,37,Other,West,2022-09-28,4.0,Low,Low Spender,59.333333333333336,Low Loyalty,Low Qty,Needs nurturing,221,5.0
915,19,Other,West,2022-09-29,9.0,Low,High Spender,34.25,Moderately Loyal,Low Qty,Champions,455,14.0
916,65,Female,West,2022-09-30,6.0,Low,High Spender,64.0,Low Loyalty,Low Qty,Champions,535,13.0
917,32,Other,West,2022-01-10,6.0,Low,High Spender,54.8,Low Loyalty,Low Qty,Loyal,435,12.0
918,45,Male,East,2022-03-10,4.0,Low,Low Spender,42.0,Moderately Loyal,Low Qty,Needs nurturing,222,6.0
919,30,Male,East,2022-04-10,6.0,Low,Mid Spender,14.2,Highly Loyal,Low Qty,Potential,133,7.0
920,67,Male,West,2022-05-10,6.0,Low,Mid Spender,38.4,Moderately Loyal,Low Qty,Potential,234,9.0
921,69,Female,West,2022-06-10,10.0,Low,High Spender,37.44444444444444,Moderately Loyal,Low Qty,Champions,555,15.0
922,31,Other,North,2022-07-10,5.0,Low,Mid Spender,62.0,Low Loyalty,Low Qty,Loyal,434,11.0
923,67,Other,North,2022-08-10,6.0,Low,Mid Spender,45.0,Moderately Loyal,Low Qty,Loyal,434,11.0
924,19,Other,North,2022-09-10,3.0,Low,Low Spender,68.5,Low Loyalty,Low Qty,Needs nurturing,212,5.0
925,51,Other,South,2022-10-10,3.0,Low,Mid Spender,96.5,Low Loyalty,Low Qty,Potential,512,8.0
926,52,Male,East,2022-11-10,4.0,Low,Low Spender,84.33333333333333,Low Loyalty,Low Qty,Potential,521,8.0
927,54,Female,East,2022-12-10,5.0,Low,High Spender,21.25,Moderately Loyal,Low Qty,Loyal,335,11.0
928,42,Male,North,2022-10-14,4.0,Low,Mid Spender,65.0,Low Loyalty,Low Qty,Potential,323,8.0
929,65,Male,North,2022-10-15,12.0,Mid,High Spender,29.181818181818183,Moderately Loyal,Low Qty,Champions,555,15.0
930,32,Female,East,2022-10-16,6.0,Low,High Spender,27.4,Moderately Loyal,Low Qty,Potential,234,9.0
931,29,Female,South,2022-10-17,3.0,Low,Low Spender,86.5,Low Loyalty,Low Qty,Potential,511,7.0
932,26,Male,North,2022-10-18,5.0,Low,Mid Spender,27.25,Moderately Loyal,Low Qty,Potential,133,7.0
933,48,Other,West,2022-10-19,4.0,Low,Mid Spender,55.0,Low Loyalty,Low Qty,Potential,423,9.0
934,31,Female,North,2022-10-20,7.0,Low,Mid Spender,33.666666666666664,Moderately Loyal,Low Qty,Loyal,444,12.0
935,46,Female,East,2022-10-21,6.0,Low,High Spender,39.2,Moderately Loyal,Low Qty,Loyal,434,11.0
936,65,Male,East,2022-10-22,12.0,Mid,High Spender,21.363636363636363,Moderately Loyal,Low Qty,Champions,455,14.0
937,60,Other,North,2022-10-23,8.0,Low,High Spender,43.42857142857143,Moderately Loyal,Low Qty,Champions,555,15.0
938,55,Female,North,2022-10-24,3.0,Low,Low Spender,43.0,Moderately Loyal,Low Qty,Needs nurturing,212,5.0
939,59,Male,West,2022-10-26,4.0,Low,Low Spender,55.0,Low Loyalty,Low Qty,Potential,322,7.0
940,25,Female,West,2022-10-27,6.0,Low,High Spender,60.4,Low Loyalty,Low Qty,Loyal,534,12.0
941,65,Other,South,2022-10-28,3.0,Low,Mid Spender,53.5,Low Loyalty,Low Qty,Needs nurturing,213,6.0
942,20,Male,South,2022-10-29,4.0,Low,High Spender,57.0,Low Loyalty,Low Qty,Potential,324,9.0
943,19,Male,West,2022-10-30,8.0,Low,High Spender,27.285714285714285,Moderately Loyal,Low Qty,Champions,355,13.0
944,33,Other,South,2022-10-31,6.0,Low,Mid Spender,23.2,Moderately Loyal,Low Qty,Potential,233,8.0
945,36,Male,South,2022-01-11,4.0,Low,Low Spender,36.0,Moderately Loyal,Low Qty,At Risk,121,4.0
946,47,Other,North,2022-02-11,6.0,Low,High Spender,26.6,Moderately Loyal,Low Qty,Potential,134,8.0
947,58,Male,West,2022-03-11,9.0,Low,High Spender,37.875,Moderately Loyal,Low Qty,Champions,555,15.0
948,33,Other,North,2022-04-11,4.0,Low,Low Spender,51.666666666666664,Low Loyalty,Low Qty,Potential,322,7.0
949,48,Female,North,2022-06-11,4.0,Low,Mid Spender,84.33333333333333,Low Loyalty,Low Qty,Loyal,524,11.0
950,45,Female,South,2022-07-11,2.0,Low,Low Spender,106.0,Low Loyalty,Low Qty,Needs nurturing,311,5.0
951,21,Female,North,2022-08-11,4.0,Low,Mid Spender,104.66666666666667,Low Loyalty,Low Qty,Potential,522,9.0
952,27,Male,East,2022-09-11,6.0,Low,High Spender,66.2,Low Loyalty,Low Qty,Loyal,534,12.0
953,68,Other,South,2022-10-11,6.0,Low,Mid Spender,52.4,Low Loyalty,Low Qty,Loyal,433,10.0
954,62,Other,East,2022-11-11,3.0,Low,Low Spender,37.0,Moderately Loyal,Low Qty,At Risk,111,3.0
955,35,Female,South,2022-12-11,8.0,Low,High Spender,37.57142857142857,Moderately Loyal,Low Qty,Champions,455,14.0
956,64,Female,North,2022-11-13,10.0,Low,High Spender,30.77777777777778,Moderately Loyal,Low Qty,Champions,555,15.0
957,49,Female,South,2022-11-14,7.0,Low,Mid Spender,48.333333333333336,Low Loyalty,Low Qty,Loyal,444,12.0
958,47,Other,East,2022-11-15,12.0,Mid,High Spender,25.181818181818183,Moderately Loyal,Low Qty,Champions,455,14.0
959,53,Female,South,2022-11-17,6.0,Low,High Spender,51.2,Low Loyalty,Low Qty,Loyal,435,12.0
960,26,Male,East,2022-11-18,3.0,Low,Mid Spender,159.5,Low Loyalty,Low Qty,Potential,513,9.0
961,53,Female,West,2022-11-19,2.0,Low,Low Spender,168.0,Low Loyalty,Low Qty,Needs nurturing,311,5.0
962,46,Female,North,2022-11-20,9.0,Low,High Spender,28.5,Moderately Loyal,Low Qty,Champions,455,14.0
963,33,Other,East,2022-11-21,5.0,Low,Mid Spender,33.5,Moderately Loyal,Low Qty,Potential,133,7.0
964,45,Male,West,2022-11-22,4.0,Low,High Spender,16.666666666666668,Moderately Loyal,Low Qty,Potential,124,7.0
965,38,Other,North,2022-11-23,1.0,Low,Low Spender,,,Low Qty,At Risk,111,3.0
966,64,Male,West,2022-11-24,6.0,Low,Mid Spender,23.6,Moderately Loyal,Low Qty,Potential,234,9.0
967,19,Male,East,2022-11-25,2.0,Low,Low Spender,30.0,Moderately Loyal,Low Qty,Needs nurturing,411,6.0
968,63,Female,North,2022-11-26,6.0,Low,Mid Spender,45.6,Low Loyalty,Low Qty,Potential,332,8.0
969,52,Female,West,2022-11-27,5.0,Low,Mid Spender,33.25,Moderately Loyal,Low Qty,Potential,332,8.0
970,45,Other,East,2022-11-29,4.0,Low,Mid Spender,62.0,Low Loyalty,Low Qty,Potential,323,8.0
971,53,Other,West,2022-11-30,8.0,Low,High Spender,28.142857142857142,Moderately Loyal,Low Qty,Champions,355,13.0
972,48,Other,North,2022-01-12,3.0,Low,Low Spender,111.0,Low Loyalty,Low Qty,Needs nurturing,311,5.0
973,50,Male,North,2022-02-12,9.0,Low,High Spender,30.25,Moderately Loyal,Low Qty,Champions,455,14.0
974,40,Other,North,2022-03-12,7.0,Low,High Spender,36.666666666666664,Moderately Loyal,Low Qty,Loyal,344,11.0
975,58,Male,East,2022-04-12,5.0,Low,Mid Spender,69.0,Low Loyalty,Low Qty,Loyal,532,10.0
976,34,Male,West,2022-05-12,5.0,Low,High Spender,61.25,Low Loyalty,Low Qty,Loyal,434,11.0
977,63,Male,West,2022-06-12,5.0,Low,High Spender,74.5,Low Loyalty,Low Qty,Loyal,534,12.0
978,66,Male,East,2022-07-12,7.0,Low,High Spender,27.0,Moderately Loyal,Low Qty,Potential,144,9.0
979,18,Male,North,2022-08-12,1.0,Low,Low Spender,,,Low Qty,Potential,511,7.0
980,59,Female,South,2022-10-12,6.0,Low,Mid Spender,33.0,Moderately Loyal,Low Qty,Loyal,433,10.0
981,40,Male,North,2022-11-12,5.0,Low,Mid Spender,38.5,Moderately Loyal,Low Qty,Potential,233,8.0
982,65,Male,South,2022-12-12,4.0,Low,Mid Spender,53.666666666666664,Low Loyalty,Low Qty,Potential,223,7.0
983,44,Female,North,2022-12-13,7.0,Low,High Spender,32.5,Moderately Loyal,Low Qty,Loyal,344,11.0
984,42,Female,East,2022-12-14,7.0,Low,High Spender,25.166666666666668,Moderately Loyal,Low Qty,Loyal,245,11.0
985,49,Female,South,2022-12-15,6.0,Low,High Spender,51.6,Low Loyalty,Low Qty,Loyal,534,12.0
986,36,Other,East,2022-12-16,6.0,Low,Mid Spender,57.8,Low Loyalty,Low Qty,Loyal,534,12.0
987,41,Other,South,2022-12-17,6.0,Low,High Spender,26.0,Moderately Loyal,Low Qty,Loyal,335,11.0
988,20,Male,West,2022-12-18,8.0,Low,High Spender,47.57142857142857,Low Loyalty,Low Qty,Champions,555,15.0
989,29,Male,South,2022-12-19,4.0,Low,Mid Spender,51.0,Low Loyalty,Low Qty,Potential,422,8.0
990,52,Male,South,2022-12-21,8.0,Low,High Spender,41.714285714285715,Moderately Loyal,Low Qty,Champions,454,13.0
991,32,Male,South,2022-12-22,3.0,Low,Low Spender,129.0,Low Loyalty,Low Qty,Potential,511,7.0
992,34,Female,West,2022-12-23,3.0,Low,Mid Spender,91.5,Low Loyalty,Low Qty,Potential,313,7.0
993,67,Other,East,2022-12-24,6.0,Low,Mid Spender,63.2,Low Loyalty,Low Qty,Loyal,534,12.0
994,49,Female,West,2022-12-25,6.0,Low,Mid Spender,21.6,Moderately Loyal,Low Qty,Potential,133,7.0
995,24,Other,South,2022-12-26,5.0,Low,Mid Spender,23.0,Moderately Loyal,Low Qty,Needs nurturing,132,6.0
996,36,Female,North,2022-12-27,4.0,Low,Mid Spender,60.666666666666664,Low Loyalty,Low Qty,Potential,223,7.0
997,24,Male,West,2022-12-28,7.0,Low,Mid Spender,21.666666666666668,Moderately Loyal,Low Qty,Potential,144,9.0
998,22,Other,Unknown,2022-12-29,6.0,Low,Mid Spender,67.4,Low Loyalty,Low Qty,Loyal,534,12.0
999,57,Male,West,2022-12-30,5.0,Low,Low Spender,76.75,Low Loyalty,Low Qty,Loyal,532,10.0
1000,38,Other,West,2023-01-01,1.0,Low,Low Spender,,,Low Qty,At Risk,111,3.0
